cenario,aplicacao,usuarios,repeticoes,metrica,unidade,campo_origem,dispositivo,n_validos,ausentes,media,desvio_padrao_amostral,minimo,maximo,fonte,vcpus,ram_gib,workers
C1,cpu,1,3,vazao_rps,req/s,vazao_calculada_janela_rps,,3,0,3.8508705467236957,0.04910638635120301,3.8116722884054273,3.905952905570731,experimentos/resultados/analise_final/C1/agregados.csv,1,1,1
C1,cpu,1,3,latencia_media_ms,ms,latencia_media_calculada_janela_ms,,3,0,258.13737548194,3.251853337186587,254.41458701290637,260.42325132700563,experimentos/resultados/analise_final/C1/agregados.csv,1,1,1
C1,cpu,1,3,p95_ms,ms,p95_janela_ms,,3,0,277.9730666661635,8.549678932311009,268.6550000216812,285.456499987049,experimentos/resultados/analise_final/C1/agregados.csv,1,1,1
C1,cpu,1,3,falhas,requisições,falhas_janela,,3,0,0.0,0.0,0.0,0.0,experimentos/resultados/analise_final/C1/agregados.csv,1,1,1
C1,cpu,1,3,cpu_arvore_pct,% capacidade VM,cpu_arvore_capacidade_pct_media,,3,0,98.40740316855442,0.07419558353444383,98.3389010555085,98.48621407244246,experimentos/resultados/analise_final/C1/agregados.csv,1,1,1
C1,cpu,1,3,cpu_global_pct,% capacidade VM; diagnóstico,cpu_vm_pct_media,,3,0,99.79942528735631,0.03027486710589814,99.7706896551724,99.83103448275861,experimentos/resultados/analise_final/C1/agregados.csv,1,1,1
C1,cpu,1,3,ram_vm_mib,MiB,ram_usada_bytes_media,,3,0,430.97874012212645,4.509620662923396,425.93089978448273,434.6099811422414,experimentos/resultados/analise_final/C1/agregados.csv,1,1,1
C1,cpu,1,3,ram_disponivel_mib,MiB,ram_disponivel_bytes_media,,3,0,540.3064161278736,4.509620662923355,536.6751751077586,545.3542564655172,experimentos/resultados/analise_final/C1/agregados.csv,1,1,1
C1,cpu,1,3,rss_arvore_mib,MiB; soma RSS,rss_soma_bytes_media,,3,0,43.15625,0.0,43.15625,43.15625,experimentos/resultados/analise_final/C1/agregados.csv,1,1,1
C1,cpu,1,3,rss_pico_mib,MiB; pico amostrado da soma RSS,rss_soma_bytes_max,,3,0,43.15625,0.0,43.15625,43.15625,experimentos/resultados/analise_final/C1/agregados.csv,1,1,1
C1,cpu,1,3,uss_arvore_mib,MiB; soma USS,uss_soma_bytes_media,,0,3,,,,,experimentos/resultados/analise_final/C1/agregados.csv,1,1,1
C1,cpu,1,3,pss_arvore_mib,MiB; soma PSS,pss_soma_bytes_media,,0,3,,,,,experimentos/resultados/analise_final/C1/agregados.csv,1,1,1
C1,cpu,2,3,vazao_rps,req/s,vazao_calculada_janela_rps,,3,0,3.8184670179975364,0.07650921032564058,3.730845904652139,3.872053291356894,experimentos/resultados/analise_final/C1/agregados.csv,1,1,1
C1,cpu,2,3,latencia_media_ms,ms,latencia_media_calculada_janela_ms,,3,0,519.5677062879187,10.95941383101106,512.6758606984447,532.2052339369503,experimentos/resultados/analise_final/C1/agregados.csv,1,1,1
C1,cpu,2,3,p95_ms,ms,p95_janela_ms,,3,0,561.0459333305092,14.85148657371131,548.1636000040453,577.290199988056,experimentos/resultados/analise_final/C1/agregados.csv,1,1,1
C1,cpu,2,3,falhas,requisições,falhas_janela,,3,0,0.0,0.0,0.0,0.0,experimentos/resultados/analise_final/C1/agregados.csv,1,1,1
C1,cpu,2,3,cpu_arvore_pct,% capacidade VM,cpu_arvore_capacidade_pct_media,,3,0,98.6861551567253,0.10342932654533507,98.58875058573737,98.79470631649953,experimentos/resultados/analise_final/C1/agregados.csv,1,1,1
C1,cpu,2,3,cpu_global_pct,% capacidade VM; diagnóstico,cpu_vm_pct_media,,3,0,100.0,0.0,100.0,100.0,experimentos/resultados/analise_final/C1/agregados.csv,1,1,1
C1,cpu,2,3,ram_vm_mib,MiB,ram_usada_bytes_media,,3,0,436.2729710025813,0.6041007591227837,435.5805084745763,436.69206832627117,experimentos/resultados/analise_final/C1/agregados.csv,1,1,1
C1,cpu,2,3,ram_disponivel_mib,MiB,ram_disponivel_bytes_media,,3,0,535.0121852474186,0.6041007591227708,534.5930879237288,535.7046477754237,experimentos/resultados/analise_final/C1/agregados.csv,1,1,1
C1,cpu,2,3,rss_arvore_mib,MiB; soma RSS,rss_soma_bytes_media,,3,0,43.479166666666664,0.05638186222554939,43.4140625,43.51171875,experimentos/resultados/analise_final/C1/agregados.csv,1,1,1
C1,cpu,2,3,rss_pico_mib,MiB; pico amostrado da soma RSS,rss_soma_bytes_max,,3,0,43.479166666666664,0.05638186222554939,43.4140625,43.51171875,experimentos/resultados/analise_final/C1/agregados.csv,1,1,1
C1,cpu,2,3,uss_arvore_mib,MiB; soma USS,uss_soma_bytes_media,,0,3,,,,,experimentos/resultados/analise_final/C1/agregados.csv,1,1,1
C1,cpu,2,3,pss_arvore_mib,MiB; soma PSS,pss_soma_bytes_media,,0,3,,,,,experimentos/resultados/analise_final/C1/agregados.csv,1,1,1
C1,cpu,5,3,vazao_rps,req/s,vazao_calculada_janela_rps,,3,0,3.821091912955342,0.10084637358698201,3.7078126473760293,3.9010949157502823,experimentos/resultados/analise_final/C1/agregados.csv,1,1,1
C1,cpu,5,3,latencia_media_ms,ms,latencia_media_calculada_janela_ms,,3,0,1297.5636439923512,38.951028022469416,1264.6019943708602,1340.5459748863318,experimentos/resultados/analise_final/C1/agregados.csv,1,1,1
C1,cpu,5,3,p95_ms,ms,p95_janela_ms,,3,0,1421.500899993892,55.090602119870034,1370.5066999827977,1479.9322999897413,experimentos/resultados/analise_final/C1/agregados.csv,1,1,1
C1,cpu,5,3,falhas,requisições,falhas_janela,,3,0,0.0,0.0,0.0,0.0,experimentos/resultados/analise_final/C1/agregados.csv,1,1,1
C1,cpu,5,3,cpu_arvore_pct,% capacidade VM,cpu_arvore_capacidade_pct_media,,3,0,98.75804595809433,0.07462600660115903,98.67346504300984,98.81460499874211,experimentos/resultados/analise_final/C1/agregados.csv,1,1,1
C1,cpu,5,3,cpu_global_pct,% capacidade VM; diagnóstico,cpu_vm_pct_media,,3,0,100.0,0.0,100.0,100.0,experimentos/resultados/analise_final/C1/agregados.csv,1,1,1
C1,cpu,5,3,ram_vm_mib,MiB,ram_usada_bytes_media,,3,0,437.48223390621956,0.8619973382554414,436.5280172413793,438.2045815677966,experimentos/resultados/analise_final/C1/agregados.csv,1,1,1
C1,cpu,5,3,ram_disponivel_mib,MiB,ram_disponivel_bytes_media,,3,0,533.8029223437804,0.8619973382554491,533.0805746822034,534.7571390086207,experimentos/resultados/analise_final/C1/agregados.csv,1,1,1
C1,cpu,5,3,rss_arvore_mib,MiB; soma RSS,rss_soma_bytes_media,,3,0,43.817708333333336,0.043905508593977516,43.76953125,43.85546875,experimentos/resultados/analise_final/C1/agregados.csv,1,1,1
C1,cpu,5,3,rss_pico_mib,MiB; pico amostrado da soma RSS,rss_soma_bytes_max,,3,0,43.817708333333336,0.043905508593977516,43.76953125,43.85546875,experimentos/resultados/analise_final/C1/agregados.csv,1,1,1
C1,cpu,5,3,uss_arvore_mib,MiB; soma USS,uss_soma_bytes_media,,0,3,,,,,experimentos/resultados/analise_final/C1/agregados.csv,1,1,1
C1,cpu,5,3,pss_arvore_mib,MiB; soma PSS,pss_soma_bytes_media,,0,3,,,,,experimentos/resultados/analise_final/C1/agregados.csv,1,1,1
C1,cpu,10,3,vazao_rps,req/s,vazao_calculada_janela_rps,,3,0,3.96848101759725,0.02588103489887871,3.9386058903828842,3.984078541719211,experimentos/resultados/analise_final/C1/agregados.csv,1,1,1
C1,cpu,10,3,latencia_media_ms,ms,latencia_media_calculada_janela_ms,,3,0,2474.8283117154115,4.233279834606252,2469.9621369101433,2477.6625415260687,experimentos/resultados/analise_final/C1/agregados.csv,1,1,1
C1,cpu,10,3,p95_ms,ms,p95_janela_ms,,3,0,2975.5549666588195,82.96777184225095,2880.077199981315,3030.1238000101876,experimentos/resultados/analise_final/C1/agregados.csv,1,1,1
C1,cpu,10,3,falhas,requisições,falhas_janela,,3,0,0.0,0.0,0.0,0.0,experimentos/resultados/analise_final/C1/agregados.csv,1,1,1
C1,cpu,10,3,cpu_arvore_pct,% capacidade VM,cpu_arvore_capacidade_pct_media,,3,0,98.86834085840115,0.019341131246815406,98.85184040156032,98.88962491016468,experimentos/resultados/analise_final/C1/agregados.csv,1,1,1
C1,cpu,10,3,cpu_global_pct,% capacidade VM; diagnóstico,cpu_vm_pct_media,,3,0,100.0,0.0,100.0,100.0,experimentos/resultados/analise_final/C1/agregados.csv,1,1,1
C1,cpu,10,3,ram_vm_mib,MiB,ram_usada_bytes_media,,3,0,438.24851477427404,0.5058477476454623,437.69140625,438.6790707236842,experimentos/resultados/analise_final/C1/agregados.csv,1,1,1
C1,cpu,10,3,ram_disponivel_mib,MiB,ram_disponivel_bytes_media,,3,0,533.036641475726,0.505847747645438,532.6060855263158,533.59375,experimentos/resultados/analise_final/C1/agregados.csv,1,1,1
C1,cpu,10,3,rss_arvore_mib,MiB; soma RSS,rss_soma_bytes_media,,3,0,44.22560307017543,0.14598926359081288,44.11328125,44.390625,experimentos/resultados/analise_final/C1/agregados.csv,1,1,1
C1,cpu,10,3,rss_pico_mib,MiB; pico amostrado da soma RSS,rss_soma_bytes_max,,3,0,44.296875,0.15900884716443453,44.11328125,44.390625,experimentos/resultados/analise_final/C1/agregados.csv,1,1,1
C1,cpu,10,3,uss_arvore_mib,MiB; soma USS,uss_soma_bytes_media,,0,3,,,,,experimentos/resultados/analise_final/C1/agregados.csv,1,1,1
C1,cpu,10,3,pss_arvore_mib,MiB; soma PSS,pss_soma_bytes_media,,0,3,,,,,experimentos/resultados/analise_final/C1/agregados.csv,1,1,1
C1,io,1,3,vazao_rps,req/s,vazao_calculada_janela_rps,,3,0,5.342958474508578,0.08912833819823655,5.240499186285715,5.402580458140511,experimentos/resultados/analise_final/C1/agregados.csv,1,1,1
C1,io,1,3,latencia_media_ms,ms,latencia_media_calculada_janela_ms,,3,0,186.18766797378956,3.224067173150559,184.25625062436666,189.90961129086153,experimentos/resultados/analise_final/C1/agregados.csv,1,1,1
C1,io,1,3,p95_ms,ms,p95_janela_ms,,3,0,258.2141333356655,7.936391779259494,250.3986000083387,266.2660999922082,experimentos/resultados/analise_final/C1/agregados.csv,1,1,1
C1,io,1,3,falhas,requisições,falhas_janela,,3,0,0.0,0.0,0.0,0.0,experimentos/resultados/analise_final/C1/agregados.csv,1,1,1
C1,io,1,3,cpu_arvore_pct,% capacidade VM,cpu_arvore_capacidade_pct_media,,3,0,12.005564100703927,0.2225062747624883,11.75828461712015,12.189608188842628,experimentos/resultados/analise_final/C1/agregados.csv,1,1,1
C1,io,1,3,cpu_global_pct,% capacidade VM; diagnóstico,cpu_vm_pct_media,,3,0,14.602298850574712,0.21296651479725884,14.36896551724138,14.786206896551725,experimentos/resultados/analise_final/C1/agregados.csv,1,1,1
C1,io,1,3,ram_vm_mib,MiB,ram_usada_bytes_media,,3,0,427.5917519755747,0.20359536714880247,427.36038523706895,427.7435344827586,experimentos/resultados/analise_final/C1/agregados.csv,1,1,1
C1,io,1,3,ram_disponivel_mib,MiB,ram_disponivel_bytes_media,,3,0,543.6934042744252,0.20359536714879137,543.5416217672414,543.924771012931,experimentos/resultados/analise_final/C1/agregados.csv,1,1,1
C1,io,1,3,rss_arvore_mib,MiB; soma RSS,rss_soma_bytes_media,,3,0,43.203125,0.1488481162754504,43.1171875,43.375,experimentos/resultados/analise_final/C1/agregados.csv,1,1,1
C1,io,1,3,rss_pico_mib,MiB; pico amostrado da soma RSS,rss_soma_bytes_max,,3,0,43.203125,0.1488481162754504,43.1171875,43.375,experimentos/resultados/analise_final/C1/agregados.csv,1,1,1
C1,io,1,3,uss_arvore_mib,MiB; soma USS,uss_soma_bytes_media,,3,0,30.34161727729885,0.04792468936920163,30.294854525862068,30.390625,experimentos/resultados/analise_final/C1/agregados.csv,1,1,1
C1,io,1,3,pss_arvore_mib,MiB; soma PSS,pss_soma_bytes_media,,3,0,33.133283943965516,0.05001497713408293,33.08587015086207,33.185546875,experimentos/resultados/analise_final/C1/agregados.csv,1,1,1
C1,io,1,3,escrita_mib_s,MiB/s; dispositivo VM,escrita_bytes_s_media,sda,3,0,53.88816580200739,1.0881447329277305,52.64180195100018,54.649158550653496,experimentos/resultados/analise_final/C1/agregados.csv,1,1,1
C1,io,1,3,escrita_total_mib,MiB; dispositivo VM,escrita_bytes_delta_soma,sda,3,0,3125.5364583333335,63.06377880159619,3053.3125,3169.69921875,experimentos/resultados/analise_final/C1/agregados.csv,1,1,1
C1,io,1,3,escritas_operacoes,operações; dispositivo VM,escritas_delta_soma,sda,3,0,6950.666666666667,138.5833082782098,6792.0,7048.0,experimentos/resultados/analise_final/C1/agregados.csv,1,1,1
C1,io,1,3,disco_ocupado_ms,ms; dispositivo VM,ocupado_ms_delta_soma,sda,3,0,55496.0,259.4455626909044,55200.0,55684.0,experimentos/resultados/analise_final/C1/agregados.csv,1,1,1
C1,io,2,3,vazao_rps,req/s,vazao_calculada_janela_rps,,3,0,5.634833028577276,0.16972335976086642,5.43904154493644,5.740164498257624,experimentos/resultados/analise_final/C1/agregados.csv,1,1,1
C1,io,2,3,latencia_media_ms,ms,latencia_media_calculada_janela_ms,,3,0,352.7573340942885,9.943161994981107,346.97766911721214,364.2386201864379,experimentos/resultados/analise_final/C1/agregados.csv,1,1,1
C1,io,2,3,p95_ms,ms,p95_janela_ms,,3,0,438.9381666648357,6.976402321763608,433.15440000151284,446.68610001099296,experimentos/resultados/analise_final/C1/agregados.csv,1,1,1
C1,io,2,3,falhas,requisições,falhas_janela,,3,0,0.0,0.0,0.0,0.0,experimentos/resultados/analise_final/C1/agregados.csv,1,1,1
C1,io,2,3,cpu_arvore_pct,% capacidade VM,cpu_arvore_capacidade_pct_media,,3,0,11.373803016391504,0.33107829750726886,11.017639598883228,11.672190810203427,experimentos/resultados/analise_final/C1/agregados.csv,1,1,1
C1,io,2,3,cpu_global_pct,% capacidade VM; diagnóstico,cpu_vm_pct_media,,3,0,14.712643678160921,0.3412501206845526,14.344827586206897,15.01896551724138,experimentos/resultados/analise_final/C1/agregados.csv,1,1,1
C1,io,2,3,ram_vm_mib,MiB,ram_usada_bytes_media,,3,0,419.13460847701145,0.537632608031107,418.5389278017241,419.5838496767241,experimentos/resultados/analise_final/C1/agregados.csv,1,1,1
C1,io,2,3,ram_disponivel_mib,MiB,ram_disponivel_bytes_media,,3,0,552.1505477729885,0.5376326080310916,551.7013065732758,552.7462284482758,experimentos/resultados/analise_final/C1/agregados.csv,1,1,1
C1,io,2,3,rss_arvore_mib,MiB; soma RSS,rss_soma_bytes_media,,3,0,43.678385416666664,0.31289850892585097,43.375,44.0,experimentos/resultados/analise_final/C1/agregados.csv,1,1,1
C1,io,2,3,rss_pico_mib,MiB; pico amostrado da soma RSS,rss_soma_bytes_max,,3,0,43.678385416666664,0.31289850892585097,43.375,44.0,experimentos/resultados/analise_final/C1/agregados.csv,1,1,1
C1,io,2,3,uss_arvore_mib,MiB; soma USS,uss_soma_bytes_media,,3,0,30.70649245689655,0.018917436551157463,30.68817349137931,30.72595635775862,experimentos/resultados/analise_final/C1/agregados.csv,1,1,1
C1,io,2,3,pss_arvore_mib,MiB; soma PSS,pss_soma_bytes_media,,3,0,33.50434401939655,0.020273432980523646,33.49148033405172,33.52771417025862,experimentos/resultados/analise_final/C1/agregados.csv,1,1,1
C1,io,2,3,escrita_mib_s,MiB/s; dispositivo VM,escrita_bytes_s_media,sda,3,0,56.70919261636809,1.5193725761637153,54.956402739424284,57.651076184851945,experimentos/resultados/analise_final/C1/agregados.csv,1,1,1
C1,io,2,3,escrita_total_mib,MiB; dispositivo VM,escrita_bytes_delta_soma,sda,3,0,3289.09375,88.13565254487946,3187.421875,3343.8046875,experimentos/resultados/analise_final/C1/agregados.csv,1,1,1
C1,io,2,3,escritas_operacoes,operações; dispositivo VM,escritas_delta_soma,sda,3,0,7309.0,187.74450724322136,7093.0,7433.0,experimentos/resultados/analise_final/C1/agregados.csv,1,1,1
C1,io,2,3,disco_ocupado_ms,ms; dispositivo VM,ocupado_ms_delta_soma,sda,3,0,55942.666666666664,211.10502915215764,55700.0,56084.0,experimentos/resultados/analise_final/C1/agregados.csv,1,1,1
C1,memoria,1,3,vazao_rps,req/s,vazao_calculada_janela_rps,,3,0,0.957508226561429,0.009468862295831102,0.9465745865953814,0.963006526650023,experimentos/resultados/analise_final/C1/agregados.csv,1,1,1
C1,memoria,1,3,latencia_media_ms,ms,latencia_media_calculada_janela_ms,,3,0,1033.406835151847,11.496104637754415,1026.6824596507367,1046.6810107167735,experimentos/resultados/analise_final/C1/agregados.csv,1,1,1
C1,memoria,1,3,p95_ms,ms,p95_janela_ms,,3,0,1031.801133338983,2.022828794000968,1029.504200007068,1033.316899993224,experimentos/resultados/analise_final/C1/agregados.csv,1,1,1
C1,memoria,1,3,falhas,requisições,falhas_janela,,3,0,0.0,0.0,0.0,0.0,experimentos/resultados/analise_final/C1/agregados.csv,1,1,1
C1,memoria,1,3,cpu_arvore_pct,% capacidade VM,cpu_arvore_capacidade_pct_media,,3,0,2.569014884157293,0.06893551147647815,2.5001113231622707,2.6379823017513084,experimentos/resultados/analise_final/C1/agregados.csv,1,1,1
C1,memoria,1,3,cpu_global_pct,% capacidade VM; diagnóstico,cpu_vm_pct_media,,3,0,1.6201149425287358,0.1303673276207615,1.5189655172413794,1.7672413793103448,experimentos/resultados/analise_final/C1/agregados.csv,1,1,1
C1,memoria,1,3,ram_vm_mib,MiB,ram_usada_bytes_media,,3,0,463.26014727011494,0.048037517209607396,463.20474137931035,463.2901400862069,experimentos/resultados/analise_final/C1/agregados.csv,1,1,1
C1,memoria,1,3,ram_disponivel_mib,MiB,ram_disponivel_bytes_media,,3,0,508.02500897988506,0.048037517209607396,507.9950161637931,508.08041487068965,experimentos/resultados/analise_final/C1/agregados.csv,1,1,1
C1,memoria,1,3,rss_arvore_mib,MiB; soma RSS,rss_soma_bytes_media,,3,0,91.80836925287356,0.3356999544938986,91.462890625,92.13335129310344,experimentos/resultados/analise_final/C1/agregados.csv,1,1,1
C1,memoria,1,3,rss_pico_mib,MiB; pico amostrado da soma RSS,rss_soma_bytes_max,,3,0,92.95833333333333,0.17365613565469212,92.7578125,93.05859375,experimentos/resultados/analise_final/C1/agregados.csv,1,1,1
C1,memoria,1,3,uss_arvore_mib,MiB; soma USS,uss_soma_bytes_media,,3,0,78.91215427442529,0.38245407681643784,78.47609105603448,79.19066540948276,experimentos/resultados/analise_final/C1/agregados.csv,1,1,1
C1,memoria,1,3,pss_arvore_mib,MiB; soma PSS,pss_soma_bytes_media,,3,0,81.61560479525862,0.37719049748699573,81.18507543103448,81.88793103448276,experimentos/resultados/analise_final/C1/agregados.csv,1,1,1
C1,memoria,2,3,vazao_rps,req/s,vazao_calculada_janela_rps,,3,0,1.92592444122638,0.0052086047302424,1.920018496851877,1.9298620092798937,experimentos/resultados/analise_final/C1/agregados.csv,1,1,1
C1,memoria,2,3,latencia_media_ms,ms,latencia_media_calculada_janela_ms,,3,0,1030.7638815778434,1.4810339800072547,1029.0706973668932,1031.8185771930873,experimentos/resultados/analise_final/C1/agregados.csv,1,1,1
C1,memoria,2,3,p95_ms,ms,p95_janela_ms,,3,0,1046.242733321075,1.4837225716974363,1045.0182000058703,1047.8926999785472,experimentos/resultados/analise_final/C1/agregados.csv,1,1,1
C1,memoria,2,3,falhas,requisições,falhas_janela,,3,0,0.0,0.0,0.0,0.0,experimentos/resultados/analise_final/C1/agregados.csv,1,1,1
C1,memoria,2,3,cpu_arvore_pct,% capacidade VM,cpu_arvore_capacidade_pct_media,,3,0,5.115064751644517,0.19379688878879167,4.948608395368866,5.32781684724854,experimentos/resultados/analise_final/C1/agregados.csv,1,1,1
C1,memoria,2,3,cpu_global_pct,% capacidade VM; diagnóstico,cpu_vm_pct_media,,3,0,3.3281609195402297,0.14431697069341118,3.1999999999999997,3.4844827586206897,experimentos/resultados/analise_final/C1/agregados.csv,1,1,1
C1,memoria,2,3,ram_vm_mib,MiB,ram_usada_bytes_media,,3,0,512.8177307830459,0.5210850170199537,512.5042429956897,513.4192483836207,experimentos/resultados/analise_final/C1/agregados.csv,1,1,1
C1,memoria,2,3,ram_disponivel_mib,MiB,ram_disponivel_bytes_media,,3,0,458.467425466954,0.5210850170199537,457.8659078663793,458.78091325431035,experimentos/resultados/analise_final/C1/agregados.csv,1,1,1
C1,memoria,2,3,rss_arvore_mib,MiB; soma RSS,rss_soma_bytes_media,,3,0,141.8958108836207,0.4565528614400873,141.5123922413793,142.40086206896552,experimentos/resultados/analise_final/C1/agregados.csv,1,1,1
C1,memoria,2,3,rss_pico_mib,MiB; pico amostrado da soma RSS,rss_soma_bytes_max,,3,0,142.91666666666666,0.07332243867344317,142.83203125,142.9609375,experimentos/resultados/analise_final/C1/agregados.csv,1,1,1
C1,memoria,2,3,uss_arvore_mib,MiB; soma USS,uss_soma_bytes_media,,3,0,129.16453394396552,0.46136096835894336,128.7489224137931,129.66096443965517,experimentos/resultados/analise_final/C1/agregados.csv,1,1,1
C1,memoria,2,3,pss_arvore_mib,MiB; soma PSS,pss_soma_bytes_media,,3,0,131.87156519396552,0.459496571432608,131.4647427262931,132.36994881465517,experimentos/resultados/analise_final/C1/agregados.csv,1,1,1
C1,memoria,3,3,vazao_rps,req/s,vazao_calculada_janela_rps,,3,0,2.9081313985823365,0.033986824821449706,2.8878448213376537,2.9473684210526314,experimentos/resultados/analise_final/C1/agregados.csv,1,1,1
C1,memoria,3,3,latencia_media_ms,ms,latencia_media_calculada_janela_ms,,3,0,1028.9361910930168,0.4672739207798338,1028.5323766088766,1029.448010119051,experimentos/resultados/analise_final/C1/agregados.csv,1,1,1
C1,memoria,3,3,p95_ms,ms,p95_janela_ms,,3,0,1041.1958333182458,7.756111609860891,1035.7996999809984,1050.084099988453,experimentos/resultados/analise_final/C1/agregados.csv,1,1,1
C1,memoria,3,3,falhas,requisições,falhas_janela,,3,0,0.0,0.0,0.0,0.0,experimentos/resultados/analise_final/C1/agregados.csv,1,1,1
C1,memoria,3,3,cpu_arvore_pct,% capacidade VM,cpu_arvore_capacidade_pct_media,,3,0,7.2455073444768905,0.14507497960636642,7.102861106381238,7.39289482952915,experimentos/resultados/analise_final/C1/agregados.csv,1,1,1
C1,memoria,3,3,cpu_global_pct,% capacidade VM; diagnóstico,cpu_vm_pct_media,,3,0,4.831958128078818,0.1962495806481732,4.637931034482759,5.0303571428571425,experimentos/resultados/analise_final/C1/agregados.csv,1,1,1
C1,memoria,3,3,ram_vm_mib,MiB,ram_usada_bytes_media,,3,0,563.5594861260776,0.3792857573949586,563.1225754310345,563.80419921875,experimentos/resultados/analise_final/C1/agregados.csv,1,1,1
C1,memoria,3,3,ram_disponivel_mib,MiB,ram_disponivel_bytes_media,,3,0,407.7256701239224,0.3792857573949913,407.48095703125,408.1625808189655,experimentos/resultados/analise_final/C1/agregados.csv,1,1,1
C1,memoria,3,3,rss_arvore_mib,MiB; soma RSS,rss_soma_bytes_media,,3,0,191.2152638803366,0.9235769992024744,190.15569196428572,191.84981142241378,experimentos/resultados/analise_final/C1/agregados.csv,1,1,1
C1,memoria,3,3,rss_pico_mib,MiB; pico amostrado da soma RSS,rss_soma_bytes_max,,3,0,192.8984375,0.1393715841789943,192.73828125,192.9921875,experimentos/resultados/analise_final/C1/agregados.csv,1,1,1
C1,memoria,3,3,uss_arvore_mib,MiB; soma USS,uss_soma_bytes_media,,3,0,178.65260192169538,0.8125771000046509,177.7197265625,179.2061557112069,experimentos/resultados/analise_final/C1/agregados.csv,1,1,1
C1,memoria,3,3,pss_arvore_mib,MiB; soma PSS,pss_soma_bytes_media,,3,0,181.36321390086206,0.8070651215867897,180.4375,181.9190463362069,experimentos/resultados/analise_final/C1/agregados.csv,1,1,1
C2,cpu,1,3,vazao_rps,req/s,vazao_calculada_janela_rps,,3,0,3.835277227199692,0.02863802869532359,3.802264919648172,3.853449919347969,experimentos/resultados/analise_final/C2/agregados.csv,1,2,1
C2,cpu,1,3,latencia_media_ms,ms,latencia_media_calculada_janela_ms,,3,0,259.0312343265282,2.530913399848694,257.5036135955056,261.95265999930496,experimentos/resultados/analise_final/C2/agregados.csv,1,2,1
C2,cpu,1,3,p95_ms,ms,p95_janela_ms,,3,0,272.06796666723676,3.607581219910302,268.16830001189373,275.2862999914214,experimentos/resultados/analise_final/C2/agregados.csv,1,2,1
C2,cpu,1,3,falhas,requisições,falhas_janela,,3,0,0.0,0.0,0.0,0.0,experimentos/resultados/analise_final/C2/agregados.csv,1,2,1
C2,cpu,1,3,cpu_arvore_pct,% capacidade VM,cpu_arvore_capacidade_pct_media,,3,0,98.51992711856902,0.02664435985670716,98.49870122614044,98.54982783370902,experimentos/resultados/analise_final/C2/agregados.csv,1,2,1
C2,cpu,1,3,cpu_global_pct,% capacidade VM; diagnóstico,cpu_vm_pct_media,,3,0,99.83793103448276,0.032894455221277,99.8,99.85862068965517,experimentos/resultados/analise_final/C2/agregados.csv,1,2,1
C2,cpu,1,3,ram_vm_mib,MiB,ram_usada_bytes_media,,3,0,439.57635147270116,4.472713463610729,434.60297683189657,443.26899245689657,experimentos/resultados/analise_final/C2/agregados.csv,1,2,1
C2,cpu,1,3,ram_disponivel_mib,MiB,ram_disponivel_bytes_media,,3,0,1538.2088047772988,4.472713463610721,1534.5161637931035,1543.1821794181035,experimentos/resultados/analise_final/C2/agregados.csv,1,2,1
C2,cpu,1,3,rss_arvore_mib,MiB; soma RSS,rss_soma_bytes_media,,3,0,42.8515625,0.0,42.8515625,42.8515625,experimentos/resultados/analise_final/C2/agregados.csv,1,2,1
C2,cpu,1,3,rss_pico_mib,MiB; pico amostrado da soma RSS,rss_soma_bytes_max,,3,0,42.8515625,0.0,42.8515625,42.8515625,experimentos/resultados/analise_final/C2/agregados.csv,1,2,1
C2,cpu,1,3,uss_arvore_mib,MiB; soma USS,uss_soma_bytes_media,,0,3,,,,,experimentos/resultados/analise_final/C2/agregados.csv,1,2,1
C2,cpu,1,3,pss_arvore_mib,MiB; soma PSS,pss_soma_bytes_media,,0,3,,,,,experimentos/resultados/analise_final/C2/agregados.csv,1,2,1
C2,cpu,2,3,vazao_rps,req/s,vazao_calculada_janela_rps,,3,0,3.827381424433966,0.021917145379188447,3.8085084007316605,3.851419922239832,experimentos/resultados/analise_final/C2/agregados.csv,1,2,1
C2,cpu,2,3,latencia_media_ms,ms,latencia_media_calculada_janela_ms,,3,0,518.6358214946698,2.4546007699422585,515.9399995615802,520.7416724447264,experimentos/resultados/analise_final/C2/agregados.csv,1,2,1
C2,cpu,2,3,p95_ms,ms,p95_janela_ms,,3,0,553.5875999970207,4.495255556285727,548.4013999812305,556.3673000142444,experimentos/resultados/analise_final/C2/agregados.csv,1,2,1
C2,cpu,2,3,falhas,requisições,falhas_janela,,3,0,0.0,0.0,0.0,0.0,experimentos/resultados/analise_final/C2/agregados.csv,1,2,1
C2,cpu,2,3,cpu_arvore_pct,% capacidade VM,cpu_arvore_capacidade_pct_media,,3,0,98.74959136920397,0.02706357106776406,98.72393412930542,98.77787043929332,experimentos/resultados/analise_final/C2/agregados.csv,1,2,1
C2,cpu,2,3,cpu_global_pct,% capacidade VM; diagnóstico,cpu_vm_pct_media,,3,0,100.0,0.0,100.0,100.0,experimentos/resultados/analise_final/C2/agregados.csv,1,2,1
C2,cpu,2,3,ram_vm_mib,MiB,ram_usada_bytes_media,,3,0,444.85847701149424,0.47685956470273083,444.32125538793105,445.23168103448273,experimentos/resultados/analise_final/C2/agregados.csv,1,2,1
C2,cpu,2,3,ram_disponivel_mib,MiB,ram_disponivel_bytes_media,,3,0,1532.9266792385058,0.4768595647028367,1532.5534752155172,1533.463900862069,experimentos/resultados/analise_final/C2/agregados.csv,1,2,1
C2,cpu,2,3,rss_arvore_mib,MiB; soma RSS,rss_soma_bytes_media,,3,0,43.315104166666664,0.1412925417591843,43.15234375,43.40625,experimentos/resultados/analise_final/C2/agregados.csv,1,2,1
C2,cpu,2,3,rss_pico_mib,MiB; pico amostrado da soma RSS,rss_soma_bytes_max,,3,0,43.315104166666664,0.1412925417591843,43.15234375,43.40625,experimentos/resultados/analise_final/C2/agregados.csv,1,2,1
C2,cpu,2,3,uss_arvore_mib,MiB; soma USS,uss_soma_bytes_media,,0,3,,,,,experimentos/resultados/analise_final/C2/agregados.csv,1,2,1
C2,cpu,2,3,pss_arvore_mib,MiB; soma PSS,pss_soma_bytes_media,,0,3,,,,,experimentos/resultados/analise_final/C2/agregados.csv,1,2,1
C2,cpu,5,3,vazao_rps,req/s,vazao_calculada_janela_rps,,3,0,3.549833488266133,0.29306919050393215,3.2280701754385963,3.8014941527782313,experimentos/resultados/analise_final/C2/agregados.csv,1,2,1
C2,cpu,5,3,latencia_media_ms,ms,latencia_media_calculada_janela_ms,,3,0,1398.5907103731151,115.18353699567517,1303.7828026661493,1526.7773521739834,experimentos/resultados/analise_final/C2/agregados.csv,1,2,1
C2,cpu,5,3,p95_ms,ms,p95_janela_ms,,3,0,1711.460366670508,258.84102864107706,1436.2327000126243,1949.9998000101186,experimentos/resultados/analise_final/C2/agregados.csv,1,2,1
C2,cpu,5,3,falhas,requisições,falhas_janela,,3,0,0.0,0.0,0.0,0.0,experimentos/resultados/analise_final/C2/agregados.csv,1,2,1
C2,cpu,5,3,cpu_arvore_pct,% capacidade VM,cpu_arvore_capacidade_pct_media,,3,0,98.5885018519699,0.2396591514865154,98.33152393135128,98.80591926738295,experimentos/resultados/analise_final/C2/agregados.csv,1,2,1
C2,cpu,5,3,cpu_global_pct,% capacidade VM; diagnóstico,cpu_vm_pct_media,,3,0,100.0,0.0,100.0,100.0,experimentos/resultados/analise_final/C2/agregados.csv,1,2,1
C2,cpu,5,3,ram_vm_mib,MiB,ram_usada_bytes_media,,3,0,445.39337829690066,0.30856811955612423,445.0476831896552,445.64096174568965,experimentos/resultados/analise_final/C2/agregados.csv,1,2,1
C2,cpu,5,3,ram_disponivel_mib,MiB,ram_disponivel_bytes_media,,3,0,1532.3917779530993,0.3085681195561927,1532.1441945043102,1532.7374730603449,experimentos/resultados/analise_final/C2/agregados.csv,1,2,1
C2,cpu,5,3,rss_arvore_mib,MiB; soma RSS,rss_soma_bytes_media,,3,0,43.703125,0.0358013726168425,43.6640625,43.734375,experimentos/resultados/analise_final/C2/agregados.csv,1,2,1
C2,cpu,5,3,rss_pico_mib,MiB; pico amostrado da soma RSS,rss_soma_bytes_max,,3,0,43.703125,0.0358013726168425,43.6640625,43.734375,experimentos/resultados/analise_final/C2/agregados.csv,1,2,1
C2,cpu,5,3,uss_arvore_mib,MiB; soma USS,uss_soma_bytes_media,,0,3,,,,,experimentos/resultados/analise_final/C2/agregados.csv,1,2,1
C2,cpu,5,3,pss_arvore_mib,MiB; soma PSS,pss_soma_bytes_media,,0,3,,,,,experimentos/resultados/analise_final/C2/agregados.csv,1,2,1
C2,cpu,10,3,vazao_rps,req/s,vazao_calculada_janela_rps,,3,0,3.4836382693017636,0.09329775653169814,3.3949884632887057,3.580976192352744,experimentos/resultados/analise_final/C2/agregados.csv,1,2,1
C2,cpu,10,3,latencia_media_ms,ms,latencia_media_calculada_janela_ms,,3,0,2793.5017134174377,90.39268922022389,2712.9023108496285,2891.2352069646795,experimentos/resultados/analise_final/C2/agregados.csv,1,2,1
C2,cpu,10,3,p95_ms,ms,p95_janela_ms,,3,0,3465.4531999937412,136.89369493246693,3318.750300008105,3589.7808999870904,experimentos/resultados/analise_final/C2/agregados.csv,1,2,1
C2,cpu,10,3,falhas,requisições,falhas_janela,,3,0,0.0,0.0,0.0,0.0,experimentos/resultados/analise_final/C2/agregados.csv,1,2,1
C2,cpu,10,3,cpu_arvore_pct,% capacidade VM,cpu_arvore_capacidade_pct_media,,3,0,98.59686746414256,0.06110678401950995,98.54640900771304,98.66481082566551,experimentos/resultados/analise_final/C2/agregados.csv,1,2,1
C2,cpu,10,3,cpu_global_pct,% capacidade VM; diagnóstico,cpu_vm_pct_media,,3,0,100.0,0.0,100.0,100.0,experimentos/resultados/analise_final/C2/agregados.csv,1,2,1
C2,cpu,10,3,ram_vm_mib,MiB,ram_usada_bytes_media,,3,0,446.57834949712645,0.7155978901316609,445.8139816810345,447.2323545258621,experimentos/resultados/analise_final/C2/agregados.csv,1,2,1
C2,cpu,10,3,ram_disponivel_mib,MiB,ram_disponivel_bytes_media,,3,0,1531.2068067528735,0.7155978901316956,1530.552801724138,1531.9711745689656,experimentos/resultados/analise_final/C2/agregados.csv,1,2,1
C2,cpu,10,3,rss_arvore_mib,MiB; soma RSS,rss_soma_bytes_media,,3,0,44.177083333333336,0.16017212827793523,43.9921875,44.2734375,experimentos/resultados/analise_final/C2/agregados.csv,1,2,1
C2,cpu,10,3,rss_pico_mib,MiB; pico amostrado da soma RSS,rss_soma_bytes_max,,3,0,44.177083333333336,0.16017212827793523,43.9921875,44.2734375,experimentos/resultados/analise_final/C2/agregados.csv,1,2,1
C2,cpu,10,3,uss_arvore_mib,MiB; soma USS,uss_soma_bytes_media,,0,3,,,,,experimentos/resultados/analise_final/C2/agregados.csv,1,2,1
C2,cpu,10,3,pss_arvore_mib,MiB; soma PSS,pss_soma_bytes_media,,0,3,,,,,experimentos/resultados/analise_final/C2/agregados.csv,1,2,1
C2,io,1,3,vazao_rps,req/s,vazao_calculada_janela_rps,,3,0,5.429314387937981,0.03588687030428537,5.402437258921513,5.4700674616329215,experimentos/resultados/analise_final/C2/agregados.csv,1,2,1
C2,io,1,3,latencia_media_ms,ms,latencia_media_calculada_janela_ms,,3,0,182.93960446822848,1.2007064344383929,181.6961348760495,184.0924075007024,experimentos/resultados/analise_final/C2/agregados.csv,1,2,1
C2,io,1,3,p95_ms,ms,p95_janela_ms,,3,0,256.2530333428488,4.132553299743893,251.54540000949055,259.2826000181958,experimentos/resultados/analise_final/C2/agregados.csv,1,2,1
C2,io,1,3,falhas,requisições,falhas_janela,,3,0,0.0,0.0,0.0,0.0,experimentos/resultados/analise_final/C2/agregados.csv,1,2,1
C2,io,1,3,cpu_arvore_pct,% capacidade VM,cpu_arvore_capacidade_pct_media,,3,0,11.884659786559824,0.14019927603213456,11.722771970698181,11.965900858746023,experimentos/resultados/analise_final/C2/agregados.csv,1,2,1
C2,io,1,3,cpu_global_pct,% capacidade VM; diagnóstico,cpu_vm_pct_media,,3,0,14.450000000000001,0.2363578676861059,14.179310344827586,14.615517241379312,experimentos/resultados/analise_final/C2/agregados.csv,1,2,1
C2,io,1,3,ram_vm_mib,MiB,ram_usada_bytes_media,,3,0,435.6199263649425,1.3198587160056523,434.38907596982756,437.013671875,experimentos/resultados/analise_final/C2/agregados.csv,1,2,1
C2,io,1,3,ram_disponivel_mib,MiB,ram_disponivel_bytes_media,,3,0,1542.1652298850574,1.3198587160055992,1540.771484375,1543.3960802801723,experimentos/resultados/analise_final/C2/agregados.csv,1,2,1
C2,io,1,3,rss_arvore_mib,MiB; soma RSS,rss_soma_bytes_media,,3,0,43.22265625,0.1488481162754504,43.13671875,43.39453125,experimentos/resultados/analise_final/C2/agregados.csv,1,2,1
C2,io,1,3,rss_pico_mib,MiB; pico amostrado da soma RSS,rss_soma_bytes_max,,3,0,43.22265625,0.1488481162754504,43.13671875,43.39453125,experimentos/resultados/analise_final/C2/agregados.csv,1,2,1
C2,io,1,3,uss_arvore_mib,MiB; soma USS,uss_soma_bytes_media,,3,0,30.249259159482758,0.041307099134303325,30.210870150862068,30.29296875,experimentos/resultados/analise_final/C2/agregados.csv,1,2,1
C2,io,1,3,pss_arvore_mib,MiB; soma PSS,pss_soma_bytes_media,,3,0,33.06078259698276,0.047134437448700425,33.01653421336207,33.1103515625,experimentos/resultados/analise_final/C2/agregados.csv,1,2,1
C2,io,1,3,escrita_mib_s,MiB/s; dispositivo VM,escrita_bytes_s_media,sda,3,0,54.790210717761276,0.42240705989834576,54.39398653772634,55.23466103789883,experimentos/resultados/analise_final/C2/agregados.csv,1,2,1
C2,io,1,3,escrita_total_mib,MiB; dispositivo VM,escrita_bytes_delta_soma,sda,3,0,3177.7265625,24.50400557179377,3154.6953125,3203.4765625,experimentos/resultados/analise_final/C2/agregados.csv,1,2,1
C2,io,1,3,escritas_operacoes,operações; dispositivo VM,escritas_delta_soma,sda,3,0,7050.666666666667,54.68394036034102,7007.0,7112.0,experimentos/resultados/analise_final/C2/agregados.csv,1,2,1
C2,io,1,3,disco_ocupado_ms,ms; dispositivo VM,ocupado_ms_delta_soma,sda,3,0,55550.666666666664,214.861195503826,55396.0,55796.0,experimentos/resultados/analise_final/C2/agregados.csv,1,2,1
C2,io,2,3,vazao_rps,req/s,vazao_calculada_janela_rps,,3,0,5.732093576406515,0.08891516344964222,5.629600391522647,5.788561909989826,experimentos/resultados/analise_final/C2/agregados.csv,1,2,1
C2,io,2,3,latencia_media_ms,ms,latencia_media_calculada_janela_ms,,3,0,346.92337676370136,5.972849449271658,342.4680213451083,353.7103621632262,experimentos/resultados/analise_final/C2/agregados.csv,1,2,1
C2,io,2,3,p95_ms,ms,p95_janela_ms,,3,0,438.2642999989912,24.531123113644984,410.0629000167828,454.66429999214597,experimentos/resultados/analise_final/C2/agregados.csv,1,2,1
C2,io,2,3,falhas,requisições,falhas_janela,,3,0,0.0,0.0,0.0,0.0,experimentos/resultados/analise_final/C2/agregados.csv,1,2,1
C2,io,2,3,cpu_arvore_pct,% capacidade VM,cpu_arvore_capacidade_pct_media,,3,0,12.83923508244952,0.6107931286473492,12.29408850250496,13.499338565805335,experimentos/resultados/analise_final/C2/agregados.csv,1,2,1
C2,io,2,3,cpu_global_pct,% capacidade VM; diagnóstico,cpu_vm_pct_media,,3,0,16.11551724137931,0.8540802258012055,15.28103448275862,16.98793103448276,experimentos/resultados/analise_final/C2/agregados.csv,1,2,1
C2,io,2,3,ram_vm_mib,MiB,ram_usada_bytes_media,,3,0,427.4095052083333,0.44478556388534607,427.0317214439655,427.8997171336207,experimentos/resultados/analise_final/C2/agregados.csv,1,2,1
C2,io,2,3,ram_disponivel_mib,MiB,ram_disponivel_bytes_media,,3,0,1550.3756510416667,0.44478556388532914,1549.8854391163793,1550.7534348060344,experimentos/resultados/analise_final/C2/agregados.csv,1,2,1
C2,io,2,3,rss_arvore_mib,MiB; soma RSS,rss_soma_bytes_media,,3,0,43.694010416666664,0.31113798237360996,43.39453125,44.015625,experimentos/resultados/analise_final/C2/agregados.csv,1,2,1
C2,io,2,3,rss_pico_mib,MiB; pico amostrado da soma RSS,rss_soma_bytes_max,,3,0,43.694010416666664,0.31113798237360996,43.39453125,44.015625,experimentos/resultados/analise_final/C2/agregados.csv,1,2,1
C2,io,2,3,uss_arvore_mib,MiB; soma USS,uss_soma_bytes_media,,3,0,30.616379310344826,0.02416623715526766,30.588631465517242,30.6328125,experimentos/resultados/analise_final/C2/agregados.csv,1,2,1
C2,io,2,3,pss_arvore_mib,MiB; soma PSS,pss_soma_bytes_media,,3,0,33.43538972701149,0.028823037785274782,33.40210802801724,33.4521484375,experimentos/resultados/analise_final/C2/agregados.csv,1,2,1
C2,io,2,3,escrita_mib_s,MiB/s; dispositivo VM,escrita_bytes_s_media,sda,3,0,57.74826598614694,1.031109726240716,56.57896867332597,58.527195658666685,experimentos/resultados/analise_final/C2/agregados.csv,1,2,1
C2,io,2,3,escrita_total_mib,MiB; dispositivo VM,escrita_bytes_delta_soma,sda,3,0,3349.18359375,59.91777864502243,3281.22265625,3394.39453125,experimentos/resultados/analise_final/C2/agregados.csv,1,2,1
C2,io,2,3,escritas_operacoes,operações; dispositivo VM,escritas_delta_soma,sda,3,0,7428.333333333333,137.82718648123574,7273.0,7536.0,experimentos/resultados/analise_final/C2/agregados.csv,1,2,1
C2,io,2,3,disco_ocupado_ms,ms; dispositivo VM,ocupado_ms_delta_soma,sda,3,0,55264.0,394.9886074306448,54900.0,55684.0,experimentos/resultados/analise_final/C2/agregados.csv,1,2,1
C2,memoria,1,3,vazao_rps,req/s,vazao_calculada_janela_rps,,3,0,0.9626865924870941,0.0002754634438203797,0.9624117917934538,0.9629627139316698,experimentos/resultados/analise_final/C2/agregados.csv,1,2,1
C2,memoria,1,3,latencia_media_ms,ms,latencia_media_calculada_janela_ms,,3,0,1026.511442688755,0.06420725106676044,1026.4640999978342,1026.5845263130725,experimentos/resultados/analise_final/C2/agregados.csv,1,2,1
C2,memoria,1,3,p95_ms,ms,p95_janela_ms,,3,0,1029.9121000086113,0.7762395600164141,1029.0243000199553,1030.46280000126,experimentos/resultados/analise_final/C2/agregados.csv,1,2,1
C2,memoria,1,3,falhas,requisições,falhas_janela,,3,0,0.0,0.0,0.0,0.0,experimentos/resultados/analise_final/C2/agregados.csv,1,2,1
C2,memoria,1,3,cpu_arvore_pct,% capacidade VM,cpu_arvore_capacidade_pct_media,,3,0,2.4857509614657656,0.04394394483191452,2.448253111519081,2.5341056920255514,experimentos/resultados/analise_final/C2/agregados.csv,1,2,1
C2,memoria,1,3,cpu_global_pct,% capacidade VM; diagnóstico,cpu_vm_pct_media,,3,0,1.76524449639587,0.08413537681954421,1.6793103448275863,1.847457627118644,experimentos/resultados/analise_final/C2/agregados.csv,1,2,1
C2,memoria,1,3,ram_vm_mib,MiB,ram_usada_bytes_media,,3,0,471.13146285371613,0.14818355773280636,470.96530720338984,471.2499326508621,experimentos/resultados/analise_final/C2/agregados.csv,1,2,1
C2,memoria,1,3,ram_disponivel_mib,MiB,ram_disponivel_bytes_media,,3,0,1506.653693396284,0.14818355773282907,1506.535223599138,1506.8198490466102,experimentos/resultados/analise_final/C2/agregados.csv,1,2,1
C2,memoria,1,3,rss_arvore_mib,MiB; soma RSS,rss_soma_bytes_media,,3,0,92.81809073945549,0.4350612325130722,92.31795528017241,93.10910560344827,experimentos/resultados/analise_final/C2/agregados.csv,1,2,1
C2,memoria,1,3,rss_pico_mib,MiB; pico amostrado da soma RSS,rss_soma_bytes_max,,3,0,93.17578125,0.0,93.17578125,93.17578125,experimentos/resultados/analise_final/C2/agregados.csv,1,2,1
C2,memoria,1,3,uss_arvore_mib,MiB; soma USS,uss_soma_bytes_media,,3,0,79.69055125840153,0.47713276849062386,79.14311691810344,80.01804956896552,experimentos/resultados/analise_final/C2/agregados.csv,1,2,1
C2,memoria,1,3,pss_arvore_mib,MiB; soma PSS,pss_soma_bytes_media,,3,0,82.52779084173486,0.4775801166991587,81.98003098060344,82.85691675646552,experimentos/resultados/analise_final/C2/agregados.csv,1,2,1
C2,memoria,2,3,vazao_rps,req/s,vazao_calculada_janela_rps,,3,0,1.9247717946980334,0.0010654211012990483,1.9238284429023664,1.9259273475331167,experimentos/resultados/analise_final/C2/agregados.csv,1,2,1
C2,memoria,2,3,latencia_media_ms,ms,latencia_media_calculada_janela_ms,,3,0,1028.3181426891947,1.4347922366577441,1027.0182421040852,1029.8576561408322,experimentos/resultados/analise_final/C2/agregados.csv,1,2,1
C2,memoria,2,3,p95_ms,ms,p95_janela_ms,,3,0,1037.8586333439064,5.198788421538161,1034.055600001011,1043.7826000270434,experimentos/resultados/analise_final/C2/agregados.csv,1,2,1
C2,memoria,2,3,falhas,requisições,falhas_janela,,3,0,0.0,0.0,0.0,0.0,experimentos/resultados/analise_final/C2/agregados.csv,1,2,1
C2,memoria,2,3,cpu_arvore_pct,% capacidade VM,cpu_arvore_capacidade_pct_media,,3,0,4.791191577012669,0.010054240666844008,4.779640043449389,4.797971987830335,experimentos/resultados/analise_final/C2/agregados.csv,1,2,1
C2,memoria,2,3,cpu_global_pct,% capacidade VM; diagnóstico,cpu_vm_pct_media,,3,0,3.2474576271186444,0.02462006618022716,3.2220338983050847,3.2711864406779663,experimentos/resultados/analise_final/C2/agregados.csv,1,2,1
C2,memoria,2,3,ram_vm_mib,MiB,ram_usada_bytes_media,,3,0,520.3280367231638,0.30340080066809516,519.9932468220339,520.5848119703389,experimentos/resultados/analise_final/C2/agregados.csv,1,2,1
C2,memoria,2,3,ram_disponivel_mib,MiB,ram_disponivel_bytes_media,,3,0,1457.4571195268363,0.3034008006681725,1457.200344279661,1457.7919094279662,experimentos/resultados/analise_final/C2/agregados.csv,1,2,1
C2,memoria,2,3,rss_arvore_mib,MiB; soma RSS,rss_soma_bytes_media,,3,0,140.98477224576274,0.39191675755634847,140.59242584745763,141.37625794491527,experimentos/resultados/analise_final/C2/agregados.csv,1,2,1
C2,memoria,2,3,rss_pico_mib,MiB; pico amostrado da soma RSS,rss_soma_bytes_max,,3,0,143.29036458333334,0.07216878364870322,143.20703125,143.33203125,experimentos/resultados/analise_final/C2/agregados.csv,1,2,1
C2,memoria,2,3,uss_arvore_mib,MiB; soma USS,uss_soma_bytes_media,,3,0,127.82702153954801,0.4315397560486572,127.40174788135593,128.2645656779661,experimentos/resultados/analise_final/C2/agregados.csv,1,2,1
C2,memoria,2,3,pss_arvore_mib,MiB; soma PSS,pss_soma_bytes_media,,3,0,130.68867518538136,0.4282294700262229,130.26893538135593,131.1249172404661,experimentos/resultados/analise_final/C2/agregados.csv,1,2,1
C2,memoria,3,3,vazao_rps,req/s,vazao_calculada_janela_rps,,3,0,2.887116181313967,0.001537129788766494,2.8858744495764066,2.8888353844289814,experimentos/resultados/analise_final/C2/agregados.csv,1,2,1
C2,memoria,3,3,latencia_media_ms,ms,latencia_media_calculada_janela_ms,,3,0,1030.350864911293,1.3507540104083333,1029.4800906415555,1031.9068994148763,experimentos/resultados/analise_final/C2/agregados.csv,1,2,1
C2,memoria,3,3,p95_ms,ms,p95_janela_ms,,3,0,1056.0553999966942,5.814284497539677,1051.9460999930743,1062.7080000122078,experimentos/resultados/analise_final/C2/agregados.csv,1,2,1
C2,memoria,3,3,falhas,requisições,falhas_janela,,3,0,0.0,0.0,0.0,0.0,experimentos/resultados/analise_final/C2/agregados.csv,1,2,1
C2,memoria,3,3,cpu_arvore_pct,% capacidade VM,cpu_arvore_capacidade_pct_media,,3,0,7.444492872788728,0.1682631455580672,7.258439270863683,7.586001928867251,experimentos/resultados/analise_final/C2/agregados.csv,1,2,1
C2,memoria,3,3,cpu_global_pct,% capacidade VM; diagnóstico,cpu_vm_pct_media,,3,0,5.106146503019677,0.3293161967447675,4.732758620689655,5.355172413793104,experimentos/resultados/analise_final/C2/agregados.csv,1,2,1
C2,memoria,3,3,ram_vm_mib,MiB,ram_usada_bytes_media,,3,0,571.1083434547292,0.18196036652077308,570.9214709051724,571.2849576271186,experimentos/resultados/analise_final/C2/agregados.csv,1,2,1
C2,memoria,3,3,ram_disponivel_mib,MiB,ram_disponivel_bytes_media,,3,0,1406.676812795271,0.18196036652088662,1406.5001986228813,1406.8636853448277,experimentos/resultados/analise_final/C2/agregados.csv,1,2,1
C2,memoria,3,3,rss_arvore_mib,MiB; soma RSS,rss_soma_bytes_media,,3,0,191.79791986289695,1.1541440205106637,190.53535829741378,192.7986626059322,experimentos/resultados/analise_final/C2/agregados.csv,1,2,1
C2,memoria,3,3,rss_pico_mib,MiB; pico amostrado da soma RSS,rss_soma_bytes_max,,3,0,193.11328125,0.0,193.11328125,193.11328125,experimentos/resultados/analise_final/C2/agregados.csv,1,2,1
C2,memoria,3,3,uss_arvore_mib,MiB; soma USS,uss_soma_bytes_media,,3,0,178.98641297730373,1.154901794947961,177.7217807112069,179.98523569915255,experimentos/resultados/analise_final/C2/agregados.csv,1,2,1
C2,memoria,3,3,pss_arvore_mib,MiB; soma PSS,pss_soma_bytes_media,,3,0,181.84774110230373,1.1513226173509203,180.5909213362069,182.85144663665255,experimentos/resultados/analise_final/C2/agregados.csv,1,2,1
C3,cpu,1,3,vazao_rps,req/s,vazao_calculada_janela_rps,,3,0,4.230945705904826,0.0840977879621311,4.156888403430413,4.322371736700092,experimentos/resultados/analise_final/C3/agregados.csv,2,1,2
C3,cpu,1,3,latencia_media_ms,ms,latencia_media_calculada_janela_ms,,3,0,235.0358490745961,4.767029918289711,229.82604687541652,239.1795955289688,experimentos/resultados/analise_final/C3/agregados.csv,2,1,2
C3,cpu,1,3,p95_ms,ms,p95_janela_ms,,3,0,246.0316666692961,8.3834042042024,238.05270000593737,254.76809999963734,experimentos/resultados/analise_final/C3/agregados.csv,2,1,2
C3,cpu,1,3,falhas,requisições,falhas_janela,,3,0,0.0,0.0,0.0,0.0,experimentos/resultados/analise_final/C3/agregados.csv,2,1,2
C3,cpu,1,3,cpu_arvore_pct,% capacidade VM,cpu_arvore_capacidade_pct_media,,3,0,49.39305049229586,0.07682152888948857,49.33268772445153,49.479523967088305,experimentos/resultados/analise_final/C3/agregados.csv,2,1,2
C3,cpu,1,3,cpu_global_pct,% capacidade VM; diagnóstico,cpu_vm_pct_media,,3,0,35.27068965517241,4.791096391989677,30.693103448275863,40.25,experimentos/resultados/analise_final/C3/agregados.csv,2,1,2
C3,cpu,1,3,ram_vm_mib,MiB,ram_usada_bytes_media,,3,0,585.7332525143678,6.403216249610116,578.3478582974138,589.7311422413793,experimentos/resultados/analise_final/C3/agregados.csv,2,1,2
C3,cpu,1,3,ram_disponivel_mib,MiB,ram_disponivel_bytes_media,,3,0,385.30971623563215,6.403216249610149,381.3118265086207,392.6951104525862,experimentos/resultados/analise_final/C3/agregados.csv,2,1,2
C3,cpu,1,3,rss_arvore_mib,MiB; soma RSS,rss_soma_bytes_media,,3,0,119.79166666666667,0.16463503769860421,119.6015625,119.88671875,experimentos/resultados/analise_final/C3/agregados.csv,2,1,2
C3,cpu,1,3,rss_pico_mib,MiB; pico amostrado da soma RSS,rss_soma_bytes_max,,3,0,119.79166666666667,0.16463503769860421,119.6015625,119.88671875,experimentos/resultados/analise_final/C3/agregados.csv,2,1,2
C3,cpu,1,3,uss_arvore_mib,MiB; soma USS,uss_soma_bytes_media,,0,3,,,,,experimentos/resultados/analise_final/C3/agregados.csv,2,1,2
C3,cpu,1,3,pss_arvore_mib,MiB; soma PSS,pss_soma_bytes_media,,0,3,,,,,experimentos/resultados/analise_final/C3/agregados.csv,2,1,2
C3,cpu,2,3,vazao_rps,req/s,vazao_calculada_janela_rps,,3,0,8.427557848560149,0.07657292151606977,8.355178432192712,8.507728545525818,experimentos/resultados/analise_final/C3/agregados.csv,2,1,2
C3,cpu,2,3,latencia_media_ms,ms,latencia_media_calculada_janela_ms,,3,0,235.88958891102834,2.0399069825280343,233.78123234143126,237.85335222700553,experimentos/resultados/analise_final/C3/agregados.csv,2,1,2
C3,cpu,2,3,p95_ms,ms,p95_janela_ms,,3,0,242.4294333322905,4.440714000802255,238.19830000866205,247.0535999891581,experimentos/resultados/analise_final/C3/agregados.csv,2,1,2
C3,cpu,2,3,falhas,requisições,falhas_janela,,3,0,0.0,0.0,0.0,0.0,experimentos/resultados/analise_final/C3/agregados.csv,2,1,2
C3,cpu,2,3,cpu_arvore_pct,% capacidade VM,cpu_arvore_capacidade_pct_media,,3,0,96.46576239217914,0.44445488498479085,95.96610970900011,96.81708031928606,experimentos/resultados/analise_final/C3/agregados.csv,2,1,2
C3,cpu,2,3,cpu_global_pct,% capacidade VM; diagnóstico,cpu_vm_pct_media,,3,0,94.35459770114942,0.7280463762434026,93.61206896551724,95.06724137931033,experimentos/resultados/analise_final/C3/agregados.csv,2,1,2
C3,cpu,2,3,ram_vm_mib,MiB,ram_usada_bytes_media,,3,0,589.0881600215517,1.903587269938867,587.8219288793103,591.2772764008621,experimentos/resultados/analise_final/C3/agregados.csv,2,1,2
C3,cpu,2,3,ram_disponivel_mib,MiB,ram_disponivel_bytes_media,,3,0,381.9548087284483,1.9035872699388807,379.7656923491379,383.22103987068965,experimentos/resultados/analise_final/C3/agregados.csv,2,1,2
C3,cpu,2,3,rss_arvore_mib,MiB; soma RSS,rss_soma_bytes_media,,3,0,120.62095905172414,0.08074833030363444,120.546875,120.70703125,experimentos/resultados/analise_final/C3/agregados.csv,2,1,2
C3,cpu,2,3,rss_pico_mib,MiB; pico amostrado da soma RSS,rss_soma_bytes_max,,3,0,120.66927083333333,0.0654029601816373,120.59375,120.70703125,experimentos/resultados/analise_final/C3/agregados.csv,2,1,2
C3,cpu,2,3,uss_arvore_mib,MiB; soma USS,uss_soma_bytes_media,,0,3,,,,,experimentos/resultados/analise_final/C3/agregados.csv,2,1,2
C3,cpu,2,3,pss_arvore_mib,MiB; soma PSS,pss_soma_bytes_media,,0,3,,,,,experimentos/resultados/analise_final/C3/agregados.csv,2,1,2
C3,cpu,5,3,vazao_rps,req/s,vazao_calculada_janela_rps,,3,0,7.640050137532733,0.06717736955362598,7.562481032605469,7.679107546610031,experimentos/resultados/analise_final/C3/agregados.csv,2,1,2
C3,cpu,5,3,latencia_media_ms,ms,latencia_media_calculada_janela_ms,,3,0,648.3124966860167,7.227065601046136,643.6850092307585,656.6404109375331,experimentos/resultados/analise_final/C3/agregados.csv,2,1,2
C3,cpu,5,3,p95_ms,ms,p95_janela_ms,,3,0,1182.6153666625032,103.55413666943168,1118.472499991185,1302.080899986322,experimentos/resultados/analise_final/C3/agregados.csv,2,1,2
C3,cpu,5,3,falhas,requisições,falhas_janela,,3,0,0.0,0.0,0.0,0.0,experimentos/resultados/analise_final/C3/agregados.csv,2,1,2
C3,cpu,5,3,cpu_arvore_pct,% capacidade VM,cpu_arvore_capacidade_pct_media,,3,0,87.39206554214589,1.1033676346691794,86.11920946487304,88.07643304414654,experimentos/resultados/analise_final/C3/agregados.csv,2,1,2
C3,cpu,5,3,cpu_global_pct,% capacidade VM; diagnóstico,cpu_vm_pct_media,,3,0,74.74367816091954,2.749520190189271,71.6,76.7,experimentos/resultados/analise_final/C3/agregados.csv,2,1,2
C3,cpu,5,3,ram_vm_mib,MiB,ram_usada_bytes_media,,3,0,588.3872860808738,1.9054492334950468,586.4715969279661,590.2823275862069,experimentos/resultados/analise_final/C3/agregados.csv,2,1,2
C3,cpu,5,3,ram_disponivel_mib,MiB,ram_disponivel_bytes_media,,3,0,382.65568266912624,1.9054492334950466,380.7606411637931,384.5713718220339,experimentos/resultados/analise_final/C3/agregados.csv,2,1,2
C3,cpu,5,3,rss_arvore_mib,MiB; soma RSS,rss_soma_bytes_media,,3,0,121.31097341954023,0.04793107758537732,121.2578125,121.35088900862068,experimentos/resultados/analise_final/C3/agregados.csv,2,1,2
C3,cpu,5,3,rss_pico_mib,MiB; pico amostrado da soma RSS,rss_soma_bytes_max,,3,0,121.31770833333333,0.037535248191144725,121.27734375,121.3515625,experimentos/resultados/analise_final/C3/agregados.csv,2,1,2
C3,cpu,5,3,uss_arvore_mib,MiB; soma USS,uss_soma_bytes_media,,0,3,,,,,experimentos/resultados/analise_final/C3/agregados.csv,2,1,2
C3,cpu,5,3,pss_arvore_mib,MiB; soma PSS,pss_soma_bytes_media,,0,3,,,,,experimentos/resultados/analise_final/C3/agregados.csv,2,1,2
C3,cpu,10,3,vazao_rps,req/s,vazao_calculada_janela_rps,,3,0,6.672494573850824,0.3451981045386157,6.277900912251765,6.91861366439361,experimentos/resultados/analise_final/C3/agregados.csv,2,1,2
C3,cpu,10,3,latencia_media_ms,ms,latencia_media_calculada_janela_ms,,3,0,1478.4678081852715,81.48336749214579,1419.8425604879114,1571.513072236421,experimentos/resultados/analise_final/C3/agregados.csv,2,1,2
C3,cpu,10,3,p95_ms,ms,p95_janela_ms,,3,0,2626.1525333296354,206.63973502131773,2409.9700000078883,2821.701299981214,experimentos/resultados/analise_final/C3/agregados.csv,2,1,2
C3,cpu,10,3,falhas,requisições,falhas_janela,,3,0,0.0,0.0,0.0,0.0,experimentos/resultados/analise_final/C3/agregados.csv,2,1,2
C3,cpu,10,3,cpu_arvore_pct,% capacidade VM,cpu_arvore_capacidade_pct_media,,3,0,78.99353575961077,1.3835187311287704,77.42808165673128,80.05219607873948,experimentos/resultados/analise_final/C3/agregados.csv,2,1,2
C3,cpu,10,3,cpu_global_pct,% capacidade VM; diagnóstico,cpu_vm_pct_media,,3,0,60.139479323674465,2.1390795740736843,57.67796610169491,61.54736842105263,experimentos/resultados/analise_final/C3/agregados.csv,2,1,2
C3,cpu,10,3,ram_vm_mib,MiB,ram_usada_bytes_media,,3,0,585.1781975413433,5.4846950727444685,580.4277012711865,591.180630387931,experimentos/resultados/analise_final/C3/agregados.csv,2,1,2
C3,cpu,10,3,ram_disponivel_mib,MiB,ram_disponivel_bytes_media,,3,0,385.86477120865675,5.4846950727445,379.86233836206895,390.61526747881356,experimentos/resultados/analise_final/C3/agregados.csv,2,1,2
C3,cpu,10,3,rss_arvore_mib,MiB; soma RSS,rss_soma_bytes_media,,3,0,121.68422420441902,0.4276354297156697,121.19087658898304,121.94901315789474,experimentos/resultados/analise_final/C3/agregados.csv,2,1,2
C3,cpu,10,3,rss_pico_mib,MiB; pico amostrado da soma RSS,rss_soma_bytes_max,,3,0,121.7578125,0.35892890111369896,121.34375,121.98046875,experimentos/resultados/analise_final/C3/agregados.csv,2,1,2
C3,cpu,10,3,uss_arvore_mib,MiB; soma USS,uss_soma_bytes_media,,0,3,,,,,experimentos/resultados/analise_final/C3/agregados.csv,2,1,2
C3,cpu,10,3,pss_arvore_mib,MiB; soma PSS,pss_soma_bytes_media,,0,3,,,,,experimentos/resultados/analise_final/C3/agregados.csv,2,1,2
C3,io,1,3,vazao_rps,req/s,vazao_calculada_janela_rps,,3,0,5.210311320574664,0.08246024527901455,5.139467219835638,5.300828988685829,experimentos/resultados/analise_final/C3/agregados.csv,2,1,2
C3,io,1,3,latencia_media_ms,ms,latencia_media_calculada_janela_ms,,3,0,190.85569126089266,3.161701465525844,187.3511214067932,193.49389309172693,experimentos/resultados/analise_final/C3/agregados.csv,2,1,2
C3,io,1,3,p95_ms,ms,p95_janela_ms,,3,0,267.71583333417465,7.607090500000846,259.5024000038393,274.5193000009749,experimentos/resultados/analise_final/C3/agregados.csv,2,1,2
C3,io,1,3,falhas,requisições,falhas_janela,,3,0,0.0,0.0,0.0,0.0,experimentos/resultados/analise_final/C3/agregados.csv,2,1,2
C3,io,1,3,cpu_arvore_pct,% capacidade VM,cpu_arvore_capacidade_pct_media,,3,0,6.01784274184828,0.01649892182788731,5.998828216360871,6.028374839627122,experimentos/resultados/analise_final/C3/agregados.csv,2,1,2
C3,io,1,3,cpu_global_pct,% capacidade VM; diagnóstico,cpu_vm_pct_media,,3,0,7.1528735632183915,0.10998504564510976,7.031034482758621,7.244827586206896,experimentos/resultados/analise_final/C3/agregados.csv,2,1,2
C3,io,1,3,ram_vm_mib,MiB,ram_usada_bytes_media,,3,0,578.6346309267241,2.8972225289401354,575.4984509698276,581.2112742456897,experimentos/resultados/analise_final/C3/agregados.csv,2,1,2
C3,io,1,3,ram_disponivel_mib,MiB,ram_disponivel_bytes_media,,3,0,392.4083378232759,2.897222528940141,389.83169450431035,395.54451778017244,experimentos/resultados/analise_final/C3/agregados.csv,2,1,2
C3,io,1,3,rss_arvore_mib,MiB; soma RSS,rss_soma_bytes_media,,3,0,120.23828125,0.1488481162754504,120.06640625,120.32421875,experimentos/resultados/analise_final/C3/agregados.csv,2,1,2
C3,io,1,3,rss_pico_mib,MiB; pico amostrado da soma RSS,rss_soma_bytes_max,,3,0,120.23828125,0.1488481162754504,120.06640625,120.32421875,experimentos/resultados/analise_final/C3/agregados.csv,2,1,2
C3,io,1,3,uss_arvore_mib,MiB; soma USS,uss_soma_bytes_media,,3,0,78.62152029454023,0.06222788221149167,78.55623653017241,78.68015894396552,experimentos/resultados/analise_final/C3/agregados.csv,2,1,2
C3,io,1,3,pss_arvore_mib,MiB; soma PSS,pss_soma_bytes_media,,3,0,82.2920932112069,0.061371779528551954,82.22713496767241,82.34910425646552,experimentos/resultados/analise_final/C3/agregados.csv,2,1,2
C3,io,1,3,escrita_mib_s,MiB/s; dispositivo VM,escrita_bytes_s_media,sda,3,0,52.511424336180006,0.6422105099279695,51.89341445937399,53.175368964093224,experimentos/resultados/analise_final/C3/agregados.csv,2,1,2
C3,io,1,3,escrita_total_mib,MiB; dispositivo VM,escrita_bytes_delta_soma,sda,3,0,3045.1796875,36.69249372922663,3009.59375,3082.88671875,experimentos/resultados/analise_final/C3/agregados.csv,2,1,2
C3,io,1,3,escritas_operacoes,operações; dispositivo VM,escritas_delta_soma,sda,3,0,6345.333333333333,190.43721625074585,6128.0,6483.0,experimentos/resultados/analise_final/C3/agregados.csv,2,1,2
C3,io,1,3,disco_ocupado_ms,ms; dispositivo VM,ocupado_ms_delta_soma,sda,3,0,54297.333333333336,431.4873501428904,53800.0,54572.0,experimentos/resultados/analise_final/C3/agregados.csv,2,1,2
C3,io,2,3,vazao_rps,req/s,vazao_calculada_janela_rps,,3,0,5.271132513361107,0.18979949427837553,5.060892850214254,5.429855619631611,experimentos/resultados/analise_final/C3/agregados.csv,2,1,2
C3,io,2,3,latencia_media_ms,ms,latencia_media_calculada_janela_ms,,3,0,376.3654788072165,13.883718892659674,365.5672457964577,392.026479797154,experimentos/resultados/analise_final/C3/agregados.csv,2,1,2
C3,io,2,3,p95_ms,ms,p95_janela_ms,,3,0,511.2057333268846,62.28243238040821,453.25719998800196,577.0659999980126,experimentos/resultados/analise_final/C3/agregados.csv,2,1,2
C3,io,2,3,falhas,requisições,falhas_janela,,3,0,0.0,0.0,0.0,0.0,experimentos/resultados/analise_final/C3/agregados.csv,2,1,2
C3,io,2,3,cpu_arvore_pct,% capacidade VM,cpu_arvore_capacidade_pct_media,,3,0,6.516363417548597,0.6594407442140645,5.755650578369744,6.925858769186675,experimentos/resultados/analise_final/C3/agregados.csv,2,1,2
C3,io,2,3,cpu_global_pct,% capacidade VM; diagnóstico,cpu_vm_pct_media,,3,0,7.783908045977012,0.5383131195364658,7.163793103448276,8.13103448275862,experimentos/resultados/analise_final/C3/agregados.csv,2,1,2
C3,io,2,3,ram_vm_mib,MiB,ram_usada_bytes_media,,3,0,576.485070941092,0.29394685625124406,576.3140490301724,576.8244881465517,experimentos/resultados/analise_final/C3/agregados.csv,2,1,2
C3,io,2,3,ram_disponivel_mib,MiB,ram_disponivel_bytes_media,,3,0,394.5578978089081,0.29394685625124406,394.21848060344826,394.72891971982756,experimentos/resultados/analise_final/C3/agregados.csv,2,1,2
C3,io,2,3,rss_arvore_mib,MiB; soma RSS,rss_soma_bytes_media,,3,0,120.79629130747126,0.3972114059253008,120.3419989224138,121.078125,experimentos/resultados/analise_final/C3/agregados.csv,2,1,2
C3,io,2,3,rss_pico_mib,MiB; pico amostrado da soma RSS,rss_soma_bytes_max,,3,0,120.87630208333333,0.2606476839898464,120.58203125,121.078125,experimentos/resultados/analise_final/C3/agregados.csv,2,1,2
C3,io,2,3,uss_arvore_mib,MiB; soma USS,uss_soma_bytes_media,,3,0,79.41235632183908,0.16587979648709494,79.25323275862068,79.58425377155173,experimentos/resultados/analise_final/C3/agregados.csv,2,1,2
C3,io,2,3,pss_arvore_mib,MiB; soma PSS,pss_soma_bytes_media,,3,0,83.08227819683908,0.16545132501959758,82.92413119612068,83.25417564655173,experimentos/resultados/analise_final/C3/agregados.csv,2,1,2
C3,io,2,3,escrita_mib_s,MiB/s; dispositivo VM,escrita_bytes_s_media,sda,3,0,53.10449749737418,2.009397698292237,50.85327702479244,54.71660942716033,experimentos/resultados/analise_final/C3/agregados.csv,2,1,2
C3,io,2,3,escrita_total_mib,MiB; dispositivo VM,escrita_bytes_delta_soma,sda,3,0,3080.1536458333335,116.6797623250862,2949.8125,3174.86328125,experimentos/resultados/analise_final/C3/agregados.csv,2,1,2
C3,io,2,3,escritas_operacoes,operações; dispositivo VM,escritas_delta_soma,sda,3,0,5272.666666666667,222.58781038802042,5060.0,5504.0,experimentos/resultados/analise_final/C3/agregados.csv,2,1,2
C3,io,2,3,disco_ocupado_ms,ms; dispositivo VM,ocupado_ms_delta_soma,sda,3,0,55369.333333333336,276.1545461029627,55200.0,55688.0,experimentos/resultados/analise_final/C3/agregados.csv,2,1,2
C3,memoria,1,3,vazao_rps,req/s,vazao_calculada_janela_rps,,3,0,0.9478053038952412,0.0023248522323631666,0.9464526018480602,0.9504897848401734,experimentos/resultados/analise_final/C3/agregados.csv,2,1,2
C3,memoria,1,3,latencia_media_ms,ms,latencia_media_calculada_janela_ms,,3,0,1042.7632392853584,6.541900923728422,1036.313344642362,1049.393419640962,experimentos/resultados/analise_final/C3/agregados.csv,2,1,2
C3,memoria,1,3,p95_ms,ms,p95_janela_ms,,3,0,1102.014133328339,46.89910676205318,1048.219699994661,1134.3099999940023,experimentos/resultados/analise_final/C3/agregados.csv,2,1,2
C3,memoria,1,3,falhas,requisições,falhas_janela,,3,0,0.0,0.0,0.0,0.0,experimentos/resultados/analise_final/C3/agregados.csv,2,1,2
C3,memoria,1,3,cpu_arvore_pct,% capacidade VM,cpu_arvore_capacidade_pct_media,,3,0,1.3574629382735581,0.010223918944369251,1.3457547018051217,1.3646271777542325,experimentos/resultados/analise_final/C3/agregados.csv,2,1,2
C3,memoria,1,3,cpu_global_pct,% capacidade VM; diagnóstico,cpu_vm_pct_media,,3,0,1.2572277420611728,0.126680153364473,1.1423728813559324,1.393103448275862,experimentos/resultados/analise_final/C3/agregados.csv,2,1,2
C3,memoria,1,3,ram_vm_mib,MiB,ram_usada_bytes_media,,3,0,625.6313639227791,3.082444789472794,623.4063173491379,629.1497844827586,experimentos/resultados/analise_final/C3/agregados.csv,2,1,2
C3,memoria,1,3,ram_disponivel_mib,MiB,ram_disponivel_bytes_media,,3,0,345.41160482722097,3.082444789472782,341.8931842672414,347.6366514008621,experimentos/resultados/analise_final/C3/agregados.csv,2,1,2
C3,memoria,1,3,rss_arvore_mib,MiB; soma RSS,rss_soma_bytes_media,,3,0,168.05583624038084,0.6693203490710564,167.3452990301724,168.67443426724137,experimentos/resultados/analise_final/C3/agregados.csv,2,1,2
C3,memoria,1,3,rss_pico_mib,MiB; pico amostrado da soma RSS,rss_soma_bytes_max,,3,0,169.57421875,0.17939003911257867,169.46484375,169.78125,experimentos/resultados/analise_final/C3/agregados.csv,2,1,2
C3,memoria,1,3,uss_arvore_mib,MiB; soma USS,uss_soma_bytes_media,,3,0,126.73601801456262,0.545534737998749,126.13833512931035,127.20716594827586,experimentos/resultados/analise_final/C3/agregados.csv,2,1,2
C3,memoria,1,3,pss_arvore_mib,MiB; soma PSS,pss_soma_bytes_media,,3,0,130.48080968122932,0.5458050293125725,129.88149919181035,130.94935344827587,experimentos/resultados/analise_final/C3/agregados.csv,2,1,2
C3,memoria,2,3,vazao_rps,req/s,vazao_calculada_janela_rps,,3,0,1.9028846534479118,0.021373412885440285,1.8892999128324253,1.9275211795266343,experimentos/resultados/analise_final/C3/agregados.csv,2,1,2
C3,memoria,2,3,latencia_media_ms,ms,latencia_media_calculada_janela_ms,,3,0,1035.8340441844477,1.9409580683753398,1033.6861771951621,1037.4623410711397,experimentos/resultados/analise_final/C3/agregados.csv,2,1,2
C3,memoria,2,3,p95_ms,ms,p95_janela_ms,,3,0,1077.8714666763942,15.861032284350356,1060.3151000104845,1091.1666000029072,experimentos/resultados/analise_final/C3/agregados.csv,2,1,2
C3,memoria,2,3,falhas,requisições,falhas_janela,,3,0,0.0,0.0,0.0,0.0,experimentos/resultados/analise_final/C3/agregados.csv,2,1,2
C3,memoria,2,3,cpu_arvore_pct,% capacidade VM,cpu_arvore_capacidade_pct_media,,3,0,2.4540514844174166,0.08816832141990621,2.353886294195958,2.5199091834241,experimentos/resultados/analise_final/C3/agregados.csv,2,1,2
C3,memoria,2,3,cpu_global_pct,% capacidade VM; diagnóstico,cpu_vm_pct_media,,3,0,2.182758620689655,0.21863945312713717,1.9344827586206896,2.346551724137931,experimentos/resultados/analise_final/C3/agregados.csv,2,1,2
C3,memoria,2,3,ram_vm_mib,MiB,ram_usada_bytes_media,,3,0,669.2378996048851,3.4694300579815653,667.1635910560345,673.243197737069,experimentos/resultados/analise_final/C3/agregados.csv,2,1,2
C3,memoria,2,3,ram_disponivel_mib,MiB,ram_disponivel_bytes_media,,3,0,301.80506914511494,3.4694300579815827,297.79977101293105,303.8793776939655,experimentos/resultados/analise_final/C3/agregados.csv,2,1,2
C3,memoria,2,3,rss_arvore_mib,MiB; soma RSS,rss_soma_bytes_media,,3,0,218.4459186422414,0.6779458061324671,217.8050915948276,219.15571120689654,experimentos/resultados/analise_final/C3/agregados.csv,2,1,2
C3,memoria,2,3,rss_pico_mib,MiB; pico amostrado da soma RSS,rss_soma_bytes_max,,3,0,220.02864583333334,0.1093982490171613,219.90234375,220.09375,experimentos/resultados/analise_final/C3/agregados.csv,2,1,2
C3,memoria,2,3,uss_arvore_mib,MiB; soma USS,uss_soma_bytes_media,,3,0,176.99966325431035,0.7024537557407879,176.33384967672413,177.73376885775863,experimentos/resultados/analise_final/C3/agregados.csv,2,1,2
C3,memoria,2,3,pss_arvore_mib,MiB; soma PSS,pss_soma_bytes_media,,3,0,180.75515220905172,0.695495449298218,180.09166217672413,181.47875134698276,experimentos/resultados/analise_final/C3/agregados.csv,2,1,2
C3,memoria,3,3,vazao_rps,req/s,vazao_calculada_janela_rps,,3,0,2.8528838830448975,0.02839888174516531,2.8355371730231114,2.8856573464153175,experimentos/resultados/analise_final/C3/agregados.csv,2,1,2
C3,memoria,3,3,latencia_media_ms,ms,latencia_media_calculada_janela_ms,,3,0,1038.7597603170518,3.1790449750597967,1035.1704000015416,1041.220545832489,experimentos/resultados/analise_final/C3/agregados.csv,2,1,2
C3,memoria,3,3,p95_ms,ms,p95_janela_ms,,3,0,1082.3376333282795,11.03682911493693,1070.6590999907348,1092.5950999953784,experimentos/resultados/analise_final/C3/agregados.csv,2,1,2
C3,memoria,3,3,falhas,requisições,falhas_janela,,3,0,0.0,0.0,0.0,0.0,experimentos/resultados/analise_final/C3/agregados.csv,2,1,2
C3,memoria,3,3,cpu_arvore_pct,% capacidade VM,cpu_arvore_capacidade_pct_media,,3,0,3.712456744026206,0.1537893907207497,3.6122885500284005,3.8895287395889993,experimentos/resultados/analise_final/C3/agregados.csv,2,1,2
C3,memoria,3,3,cpu_global_pct,% capacidade VM; diagnóstico,cpu_vm_pct_media,,3,0,3.1017241379310345,0.2990223865093872,2.886206896551724,3.443103448275862,experimentos/resultados/analise_final/C3/agregados.csv,2,1,2
C3,memoria,3,3,ram_vm_mib,MiB,ram_usada_bytes_media,,3,0,709.9911099137931,1.5987453338646977,708.1521417025862,711.0507139008621,experimentos/resultados/analise_final/C3/agregados.csv,2,1,2
C3,memoria,3,3,ram_disponivel_mib,MiB,ram_disponivel_bytes_media,,3,0,261.0518588362069,1.5987453338646649,259.9922548491379,262.8908270474138,experimentos/resultados/analise_final/C3/agregados.csv,2,1,2
C3,memoria,3,3,rss_arvore_mib,MiB; soma RSS,rss_soma_bytes_media,,3,0,261.26210039511494,2.044597342470671,259.08620689655174,263.1434536637931,experimentos/resultados/analise_final/C3/agregados.csv,2,1,2
C3,memoria,3,3,rss_pico_mib,MiB; pico amostrado da soma RSS,rss_soma_bytes_max,,3,0,264.8776041666667,0.30897260499601065,264.69921875,265.234375,experimentos/resultados/analise_final/C3/agregados.csv,2,1,2
C3,memoria,3,3,uss_arvore_mib,MiB; soma USS,uss_soma_bytes_media,,3,0,220.1637033045977,2.1395532028826607,217.88873922413794,222.13550646551724,experimentos/resultados/analise_final/C3/agregados.csv,2,1,2
C3,memoria,3,3,pss_arvore_mib,MiB; soma PSS,pss_soma_bytes_media,,3,0,223.9234689295977,2.1374434429431965,221.64948141163794,225.89136584051724,experimentos/resultados/analise_final/C3/agregados.csv,2,1,2
C4,cpu,1,3,vazao_rps,req/s,vazao_calculada_janela_rps,,3,0,4.282004019404406,0.02734823901969777,4.2525123615218705,4.306527770618996,experimentos/resultados/analise_final/C4/agregados.csv,2,2,2
C4,cpu,1,3,latencia_media_ms,ms,latencia_media_calculada_janela_ms,,3,0,232.0750513180409,1.415996579644364,230.8143227455302,233.6070634920029,experimentos/resultados/analise_final/C4/agregados.csv,2,2,2
C4,cpu,1,3,p95_ms,ms,p95_janela_ms,,3,0,238.27606667085396,2.4090424335371985,236.84509999293368,241.05740000959486,experimentos/resultados/analise_final/C4/agregados.csv,2,2,2
C4,cpu,1,3,falhas,requisições,falhas_janela,,3,0,0.0,0.0,0.0,0.0,experimentos/resultados/analise_final/C4/agregados.csv,2,2,2
C4,cpu,1,3,cpu_arvore_pct,% capacidade VM,cpu_arvore_capacidade_pct_media,,3,0,49.29840609613734,0.01954339929812271,49.283771301878275,49.320600037014394,experimentos/resultados/analise_final/C4/agregados.csv,2,2,2
C4,cpu,1,3,cpu_global_pct,% capacidade VM; diagnóstico,cpu_vm_pct_media,,3,0,35.59712643678161,3.1434653419316545,32.11724137931034,38.23103448275862,experimentos/resultados/analise_final/C4/agregados.csv,2,2,2
C4,cpu,1,3,ram_vm_mib,MiB,ram_usada_bytes_media,,3,0,629.1005971623563,5.47845551231836,623.8756734913793,634.8015220905172,experimentos/resultados/analise_final/C4/agregados.csv,2,2,2
C4,cpu,1,3,ram_disponivel_mib,MiB,ram_disponivel_bytes_media,,3,0,1348.4423715876437,5.478455512318364,1342.7414466594828,1353.6672952586207,experimentos/resultados/analise_final/C4/agregados.csv,2,2,2
C4,cpu,1,3,rss_arvore_mib,MiB; soma RSS,rss_soma_bytes_media,,3,0,119.47265625,0.0,119.47265625,119.47265625,experimentos/resultados/analise_final/C4/agregados.csv,2,2,2
C4,cpu,1,3,rss_pico_mib,MiB; pico amostrado da soma RSS,rss_soma_bytes_max,,3,0,119.47265625,0.0,119.47265625,119.47265625,experimentos/resultados/analise_final/C4/agregados.csv,2,2,2
C4,cpu,1,3,uss_arvore_mib,MiB; soma USS,uss_soma_bytes_media,,0,3,,,,,experimentos/resultados/analise_final/C4/agregados.csv,2,2,2
C4,cpu,1,3,pss_arvore_mib,MiB; soma PSS,pss_soma_bytes_media,,0,3,,,,,experimentos/resultados/analise_final/C4/agregados.csv,2,2,2
C4,cpu,2,3,vazao_rps,req/s,vazao_calculada_janela_rps,,3,0,8.462330442577569,0.09361057799775226,8.372063268829905,8.558959838220465,experimentos/resultados/analise_final/C4/agregados.csv,2,2,2
C4,cpu,2,3,latencia_media_ms,ms,latencia_media_calculada_janela_ms,,3,0,234.9999507226197,2.6017135990400284,232.30581794885177,237.49816874999763,experimentos/resultados/analise_final/C4/agregados.csv,2,2,2
C4,cpu,2,3,p95_ms,ms,p95_janela_ms,,3,0,244.96736666575694,10.848154768291765,237.64310000115074,257.42999999783933,experimentos/resultados/analise_final/C4/agregados.csv,2,2,2
C4,cpu,2,3,falhas,requisições,falhas_janela,,3,0,0.0,0.0,0.0,0.0,experimentos/resultados/analise_final/C4/agregados.csv,2,2,2
C4,cpu,2,3,cpu_arvore_pct,% capacidade VM,cpu_arvore_capacidade_pct_media,,3,0,96.28676949686432,1.030457052636556,95.15622106726205,97.17334874363866,experimentos/resultados/analise_final/C4/agregados.csv,2,2,2
C4,cpu,2,3,cpu_global_pct,% capacidade VM; diagnóstico,cpu_vm_pct_media,,3,0,94.49712643678161,2.182464662161884,92.07758620689656,96.31724137931033,experimentos/resultados/analise_final/C4/agregados.csv,2,2,2
C4,cpu,2,3,ram_vm_mib,MiB,ram_usada_bytes_media,,3,0,630.0065777658045,3.2544180301174483,626.5455953663793,633.004916487069,experimentos/resultados/analise_final/C4/agregados.csv,2,2,2
C4,cpu,2,3,ram_disponivel_mib,MiB,ram_disponivel_bytes_media,,3,0,1347.5363909841954,3.2544180301175087,1344.538052262931,1350.9973733836207,experimentos/resultados/analise_final/C4/agregados.csv,2,2,2
C4,cpu,2,3,rss_arvore_mib,MiB; soma RSS,rss_soma_bytes_media,,3,0,120.48363415948275,0.05905398084397985,120.41547683189656,120.51953125,experimentos/resultados/analise_final/C4/agregados.csv,2,2,2
C4,cpu,2,3,rss_pico_mib,MiB; pico amostrado da soma RSS,rss_soma_bytes_max,,3,0,120.51041666666667,0.01578692142315383,120.4921875,120.51953125,experimentos/resultados/analise_final/C4/agregados.csv,2,2,2
C4,cpu,2,3,uss_arvore_mib,MiB; soma USS,uss_soma_bytes_media,,0,3,,,,,experimentos/resultados/analise_final/C4/agregados.csv,2,2,2
C4,cpu,2,3,pss_arvore_mib,MiB; soma PSS,pss_soma_bytes_media,,0,3,,,,,experimentos/resultados/analise_final/C4/agregados.csv,2,2,2
C4,cpu,5,3,vazao_rps,req/s,vazao_calculada_janela_rps,,3,0,7.606621833673379,0.1386152942684071,7.5095335638012,7.765368512568477,experimentos/resultados/analise_final/C4/agregados.csv,2,2,2
C4,cpu,5,3,latencia_media_ms,ms,latencia_media_calculada_janela_ms,,3,0,651.0420330792308,11.414253703559542,638.3971258694542,660.5839476407587,experimentos/resultados/analise_final/C4/agregados.csv,2,2,2
C4,cpu,5,3,p95_ms,ms,p95_janela_ms,,3,0,1144.028599994878,63.90701178836357,1079.7382999880938,1207.5452999997651,experimentos/resultados/analise_final/C4/agregados.csv,2,2,2
C4,cpu,5,3,falhas,requisições,falhas_janela,,3,0,0.0,0.0,0.0,0.0,experimentos/resultados/analise_final/C4/agregados.csv,2,2,2
C4,cpu,5,3,cpu_arvore_pct,% capacidade VM,cpu_arvore_capacidade_pct_media,,3,0,87.08451245876124,1.4829436388029649,85.90735268963331,88.75005241423136,experimentos/resultados/analise_final/C4/agregados.csv,2,2,2
C4,cpu,5,3,cpu_global_pct,% capacidade VM; diagnóstico,cpu_vm_pct_media,,3,0,74.61551724137932,3.572812768960219,71.65172413793104,78.58275862068966,experimentos/resultados/analise_final/C4/agregados.csv,2,2,2
C4,cpu,5,3,ram_vm_mib,MiB,ram_usada_bytes_media,,3,0,631.1733791307471,4.559536320750076,625.9098195043103,633.9080010775862,experimentos/resultados/analise_final/C4/agregados.csv,2,2,2
C4,cpu,5,3,ram_disponivel_mib,MiB,ram_disponivel_bytes_media,,3,0,1346.3695896192528,4.559536320750175,1343.6349676724137,1351.6331492456898,experimentos/resultados/analise_final/C4/agregados.csv,2,2,2
C4,cpu,5,3,rss_arvore_mib,MiB; soma RSS,rss_soma_bytes_media,,3,0,121.11958961925286,0.04099733675615635,121.07361260775862,121.15234375,experimentos/resultados/analise_final/C4/agregados.csv,2,2,2
C4,cpu,5,3,rss_pico_mib,MiB; pico amostrado da soma RSS,rss_soma_bytes_max,,3,0,121.13151041666667,0.021513947450336336,121.109375,121.15234375,experimentos/resultados/analise_final/C4/agregados.csv,2,2,2
C4,cpu,5,3,uss_arvore_mib,MiB; soma USS,uss_soma_bytes_media,,0,3,,,,,experimentos/resultados/analise_final/C4/agregados.csv,2,2,2
C4,cpu,5,3,pss_arvore_mib,MiB; soma PSS,pss_soma_bytes_media,,0,3,,,,,experimentos/resultados/analise_final/C4/agregados.csv,2,2,2
C4,cpu,10,3,vazao_rps,req/s,vazao_calculada_janela_rps,,3,0,6.768743080895078,0.05191316518737253,6.717331662529292,6.821143850781873,experimentos/resultados/analise_final/C4/agregados.csv,2,2,2
C4,cpu,10,3,latencia_media_ms,ms,latencia_media_calculada_janela_ms,,3,0,1450.9992510217646,16.049614554404624,1435.9667990104185,1467.9021253770825,experimentos/resultados/analise_final/C4/agregados.csv,2,2,2
C4,cpu,10,3,p95_ms,ms,p95_janela_ms,,3,0,2629.290533339372,47.18976498676797,2575.860200013267,2665.267100004712,experimentos/resultados/analise_final/C4/agregados.csv,2,2,2
C4,cpu,10,3,falhas,requisições,falhas_janela,,3,0,0.0,0.0,0.0,0.0,experimentos/resultados/analise_final/C4/agregados.csv,2,2,2
C4,cpu,10,3,cpu_arvore_pct,% capacidade VM,cpu_arvore_capacidade_pct_media,,3,0,78.74575155264112,0.8397158844947531,78.24282832268561,79.71514348126439,experimentos/resultados/analise_final/C4/agregados.csv,2,2,2
C4,cpu,10,3,cpu_global_pct,% capacidade VM; diagnóstico,cpu_vm_pct_media,,3,0,59.95484122345607,1.3943016148746963,58.95862068965517,61.54827586206897,experimentos/resultados/analise_final/C4/agregados.csv,2,2,2
C4,cpu,10,3,ram_vm_mib,MiB,ram_usada_bytes_media,,3,0,634.9436067023427,1.2815797434865863,633.4647775423729,635.7304014008621,experimentos/resultados/analise_final/C4/agregados.csv,2,2,2
C4,cpu,10,3,ram_disponivel_mib,MiB,ram_disponivel_bytes_media,,3,0,1342.5993620476572,1.28157974348649,1341.812567349138,1344.078191207627,experimentos/resultados/analise_final/C4/agregados.csv,2,2,2
C4,cpu,10,3,rss_arvore_mib,MiB; soma RSS,rss_soma_bytes_media,,3,0,121.74779231808884,0.03431898158183962,121.70835540254237,121.77087823275862,experimentos/resultados/analise_final/C4/agregados.csv,2,2,2
C4,cpu,10,3,rss_pico_mib,MiB; pico amostrado da soma RSS,rss_soma_bytes_max,,3,0,121.83854166666667,0.13397545372388495,121.74609375,121.9921875,experimentos/resultados/analise_final/C4/agregados.csv,2,2,2
C4,cpu,10,3,uss_arvore_mib,MiB; soma USS,uss_soma_bytes_media,,0,3,,,,,experimentos/resultados/analise_final/C4/agregados.csv,2,2,2
C4,cpu,10,3,pss_arvore_mib,MiB; soma PSS,pss_soma_bytes_media,,0,3,,,,,experimentos/resultados/analise_final/C4/agregados.csv,2,2,2
C4,io,1,3,vazao_rps,req/s,vazao_calculada_janela_rps,,3,0,5.0136217351205525,0.03466224428355301,4.979333571396116,5.048646324528066,experimentos/resultados/analise_final/C4/agregados.csv,2,2,2
C4,io,1,3,latencia_media_ms,ms,latencia_media_calculada_janela_ms,,3,0,198.47946147733694,1.217426115062273,197.32942909682106,199.75461728828446,experimentos/resultados/analise_final/C4/agregados.csv,2,2,2
C4,io,1,3,p95_ms,ms,p95_janela_ms,,3,0,286.1373333338027,5.390309826033847,281.5556999994442,292.0766999886837,experimentos/resultados/analise_final/C4/agregados.csv,2,2,2
C4,io,1,3,falhas,requisições,falhas_janela,,3,0,0.0,0.0,0.0,0.0,experimentos/resultados/analise_final/C4/agregados.csv,2,2,2
C4,io,1,3,cpu_arvore_pct,% capacidade VM,cpu_arvore_capacidade_pct_media,,3,0,5.485235155989361,0.04680272644110756,5.431286584079447,5.514976912627408,experimentos/resultados/analise_final/C4/agregados.csv,2,2,2
C4,io,1,3,cpu_global_pct,% capacidade VM; diagnóstico,cpu_vm_pct_media,,3,0,6.860344827586207,0.020689655172414056,6.839655172413793,6.881034482758621,experimentos/resultados/analise_final/C4/agregados.csv,2,2,2
C4,io,1,3,ram_vm_mib,MiB,ram_usada_bytes_media,,3,0,620.4529454022988,1.3188787940069628,618.9308324353449,621.2566675646551,experimentos/resultados/analise_final/C4/agregados.csv,2,2,2
C4,io,1,3,ram_disponivel_mib,MiB,ram_disponivel_bytes_media,,3,0,1357.0900233477012,1.3188787940069628,1356.2863011853449,1358.6121363146551,experimentos/resultados/analise_final/C4/agregados.csv,2,2,2
C4,io,1,3,rss_arvore_mib,MiB; soma RSS,rss_soma_bytes_media,,3,0,121.64453125,0.0744240581377252,121.55859375,121.6875,experimentos/resultados/analise_final/C4/agregados.csv,2,2,2
C4,io,1,3,rss_pico_mib,MiB; pico amostrado da soma RSS,rss_soma_bytes_max,,3,0,121.6875,0.0,121.6875,121.6875,experimentos/resultados/analise_final/C4/agregados.csv,2,2,2
C4,io,1,3,uss_arvore_mib,MiB; soma USS,uss_soma_bytes_media,,3,0,79.47710129310344,0.03313166895280767,79.44005926724138,79.50390625,experimentos/resultados/analise_final/C4/agregados.csv,2,2,2
C4,io,1,3,pss_arvore_mib,MiB; soma PSS,pss_soma_bytes_media,,3,0,82.88758306393679,0.03164503602761282,82.85216864224138,82.9130859375,experimentos/resultados/analise_final/C4/agregados.csv,2,2,2
C4,io,1,3,escrita_mib_s,MiB/s; dispositivo VM,escrita_bytes_s_media,sda,3,0,50.4882328618912,0.3005640709434106,50.16960384647801,50.76669191896826,experimentos/resultados/analise_final/C4/agregados.csv,2,2,2
C4,io,1,3,escrita_total_mib,MiB; dispositivo VM,escrita_bytes_delta_soma,sda,3,0,2928.3802083333335,17.542892787726135,2909.53125,2944.23046875,experimentos/resultados/analise_final/C4/agregados.csv,2,2,2
C4,io,1,3,escritas_operacoes,operações; dispositivo VM,escritas_delta_soma,sda,3,0,6254.666666666667,30.924639582917266,6229.0,6289.0,experimentos/resultados/analise_final/C4/agregados.csv,2,2,2
C4,io,1,3,disco_ocupado_ms,ms; dispositivo VM,ocupado_ms_delta_soma,sda,3,0,54932.0,72.77362159464101,54888.0,55016.0,experimentos/resultados/analise_final/C4/agregados.csv,2,2,2
C4,io,2,3,vazao_rps,req/s,vazao_calculada_janela_rps,,3,0,5.517362800245155,0.05095483683665624,5.459027388244625,5.553173561046982,experimentos/resultados/analise_final/C4/agregados.csv,2,2,2
C4,io,2,3,latencia_media_ms,ms,latencia_media_calculada_janela_ms,,3,0,360.3033298982886,3.3563977421031086,357.61946109427834,364.0666362224363,experimentos/resultados/analise_final/C4/agregados.csv,2,2,2
C4,io,2,3,p95_ms,ms,p95_janela_ms,,3,0,462.9602000010588,21.72582276055536,447.3418999987189,487.771200001589,experimentos/resultados/analise_final/C4/agregados.csv,2,2,2
C4,io,2,3,falhas,requisições,falhas_janela,,3,0,0.0,0.0,0.0,0.0,experimentos/resultados/analise_final/C4/agregados.csv,2,2,2
C4,io,2,3,cpu_arvore_pct,% capacidade VM,cpu_arvore_capacidade_pct_media,,3,0,6.999140211922719,0.2689103166375051,6.692790674507411,7.196192413191466,experimentos/resultados/analise_final/C4/agregados.csv,2,2,2
C4,io,2,3,cpu_global_pct,% capacidade VM; diagnóstico,cpu_vm_pct_media,,3,0,8.491379310344827,0.4135487784436065,8.01896551724138,8.787931034482758,experimentos/resultados/analise_final/C4/agregados.csv,2,2,2
C4,io,2,3,ram_vm_mib,MiB,ram_usada_bytes_media,,3,0,615.4842627514367,0.457809902040152,615.0862742456897,615.9845770474138,experimentos/resultados/analise_final/C4/agregados.csv,2,2,2
C4,io,2,3,ram_disponivel_mib,MiB,ram_disponivel_bytes_media,,3,0,1362.058705998563,0.45780990204002775,1361.5583917025863,1362.4566945043102,experimentos/resultados/analise_final/C4/agregados.csv,2,2,2
C4,io,2,3,rss_arvore_mib,MiB; soma RSS,rss_soma_bytes_media,,3,0,121.95572916666667,0.2322932723692635,121.6875,122.08984375,experimentos/resultados/analise_final/C4/agregados.csv,2,2,2
C4,io,2,3,rss_pico_mib,MiB; pico amostrado da soma RSS,rss_soma_bytes_max,,3,0,121.95572916666667,0.2322932723692635,121.6875,122.08984375,experimentos/resultados/analise_final/C4/agregados.csv,2,2,2
C4,io,2,3,uss_arvore_mib,MiB; soma USS,uss_soma_bytes_media,,3,0,79.54573006465517,0.009275372569900011,79.53616648706897,79.5546875,experimentos/resultados/analise_final/C4/agregados.csv,2,2,2
C4,io,2,3,pss_arvore_mib,MiB; soma PSS,pss_soma_bytes_media,,3,0,82.9552352729885,0.007929079919694793,82.94827586206897,82.9638671875,experimentos/resultados/analise_final/C4/agregados.csv,2,2,2
C4,io,2,3,escrita_mib_s,MiB/s; dispositivo VM,escrita_bytes_s_media,sda,3,0,55.48441244266206,0.5034927056450339,54.915356653835936,55.87207392297402,experimentos/resultados/analise_final/C4/agregados.csv,2,2,2
C4,io,2,3,escrita_total_mib,MiB; dispositivo VM,escrita_bytes_delta_soma,sda,3,0,3217.2825520833335,29.69963627687789,3183.46484375,3239.125,experimentos/resultados/analise_final/C4/agregados.csv,2,2,2
C4,io,2,3,escritas_operacoes,operações; dispositivo VM,escritas_delta_soma,sda,3,0,6195.666666666667,130.54245797185425,6045.0,6275.0,experimentos/resultados/analise_final/C4/agregados.csv,2,2,2
C4,io,2,3,disco_ocupado_ms,ms; dispositivo VM,ocupado_ms_delta_soma,sda,3,0,55529.333333333336,316.0084387058886,55212.0,55844.0,experimentos/resultados/analise_final/C4/agregados.csv,2,2,2
C4,memoria,1,3,vazao_rps,req/s,vazao_calculada_janela_rps,,3,0,0.9509609709847956,0.009421528975598911,0.9454030259008184,0.9618391498502872,experimentos/resultados/analise_final/C4/agregados.csv,2,2,2
C4,memoria,1,3,latencia_media_ms,ms,latencia_media_calculada_janela_ms,,3,0,1041.7478089810436,5.957788603758476,1035.3355912273146,1047.1121214294337,experimentos/resultados/analise_final/C4/agregados.csv,2,2,2
C4,memoria,1,3,p95_ms,ms,p95_janela_ms,,3,0,1116.629966670492,50.113991007046934,1073.2334000058472,1171.4789000106975,experimentos/resultados/analise_final/C4/agregados.csv,2,2,2
C4,memoria,1,3,falhas,requisições,falhas_janela,,3,0,0.0,0.0,0.0,0.0,experimentos/resultados/analise_final/C4/agregados.csv,2,2,2
C4,memoria,1,3,cpu_arvore_pct,% capacidade VM,cpu_arvore_capacidade_pct_media,,3,0,1.2506549249037582,0.011861586437332743,1.2371626446665136,1.2594421464293948,experimentos/resultados/analise_final/C4/agregados.csv,2,2,2
C4,memoria,1,3,cpu_global_pct,% capacidade VM; diagnóstico,cpu_vm_pct_media,,3,0,1.2217124488603155,0.019451791152879695,1.2050847457627119,1.243103448275862,experimentos/resultados/analise_final/C4/agregados.csv,2,2,2
C4,memoria,1,3,ram_vm_mib,MiB,ram_usada_bytes_media,,3,0,652.5818440422267,1.710091205088986,651.1126191737288,654.4590174788135,experimentos/resultados/analise_final/C4/agregados.csv,2,2,2
C4,memoria,1,3,ram_disponivel_mib,MiB,ram_disponivel_bytes_media,,3,0,1324.9611247077733,1.7100912050890973,1323.0839512711864,1326.4303495762713,experimentos/resultados/analise_final/C4/agregados.csv,2,2,2
C4,memoria,1,3,rss_arvore_mib,MiB; soma RSS,rss_soma_bytes_media,,3,0,169.98267186586793,0.3864171487775005,169.57613877118644,170.34520656779662,experimentos/resultados/analise_final/C4/agregados.csv,2,2,2
C4,memoria,1,3,rss_pico_mib,MiB; pico amostrado da soma RSS,rss_soma_bytes_max,,3,0,170.7734375,0.0,170.7734375,170.7734375,experimentos/resultados/analise_final/C4/agregados.csv,2,2,2
C4,memoria,1,3,uss_arvore_mib,MiB; soma USS,uss_soma_bytes_media,,3,0,128.52109359779857,0.3914787483036028,128.11089777542372,128.89069120762713,experimentos/resultados/analise_final/C4/agregados.csv,2,2,2
C4,memoria,1,3,pss_arvore_mib,MiB; soma PSS,pss_soma_bytes_media,,3,0,131.85410141029857,0.391890102607326,131.44390558792372,132.22467558262713,experimentos/resultados/analise_final/C4/agregados.csv,2,2,2
C4,memoria,2,3,vazao_rps,req/s,vazao_calculada_janela_rps,,3,0,1.9023396562095074,0.019121114735459244,1.8909049800325497,1.9244140467302762,experimentos/resultados/analise_final/C4/agregados.csv,2,2,2
C4,memoria,2,3,latencia_media_ms,ms,latencia_media_calculada_janela_ms,,3,0,1039.6988714491558,8.233130357548514,1033.5673964905334,1049.0565241065528,experimentos/resultados/analise_final/C4/agregados.csv,2,2,2
C4,memoria,2,3,p95_ms,ms,p95_janela_ms,,3,0,1091.0646666695054,40.43344422723816,1062.5304999994114,1137.3351000074763,experimentos/resultados/analise_final/C4/agregados.csv,2,2,2
C4,memoria,2,3,falhas,requisições,falhas_janela,,3,0,0.0,0.0,0.0,0.0,experimentos/resultados/analise_final/C4/agregados.csv,2,2,2
C4,memoria,2,3,cpu_arvore_pct,% capacidade VM,cpu_arvore_capacidade_pct_media,,3,0,2.4906837211710138,0.1168486354603324,2.370183862198259,2.6035020974634486,experimentos/resultados/analise_final/C4/agregados.csv,2,2,2
C4,memoria,2,3,cpu_global_pct,% capacidade VM; diagnóstico,cpu_vm_pct_media,,3,0,2.3275862068965516,0.1414108459362108,2.18448275862069,2.467241379310345,experimentos/resultados/analise_final/C4/agregados.csv,2,2,2
C4,memoria,2,3,ram_vm_mib,MiB,ram_usada_bytes_media,,3,0,703.375067349138,3.8810925110468326,698.8941271551724,705.6768588362069,experimentos/resultados/analise_final/C4/agregados.csv,2,2,2
C4,memoria,2,3,ram_disponivel_mib,MiB,ram_disponivel_bytes_media,,3,0,1274.167901400862,3.8810925110468997,1271.866109913793,1278.6488415948277,experimentos/resultados/analise_final/C4/agregados.csv,2,2,2
C4,memoria,2,3,rss_arvore_mib,MiB; soma RSS,rss_soma_bytes_media,,3,0,218.6427352729885,1.1878380828450565,217.50929418103448,219.87836745689654,experimentos/resultados/analise_final/C4/agregados.csv,2,2,2
C4,memoria,2,3,rss_pico_mib,MiB; pico amostrado da soma RSS,rss_soma_bytes_max,,3,0,220.52734375,0.0,220.52734375,220.52734375,experimentos/resultados/analise_final/C4/agregados.csv,2,2,2
C4,memoria,2,3,uss_arvore_mib,MiB; soma USS,uss_soma_bytes_media,,3,0,177.15465607040232,1.6302037598193697,175.44544719827587,178.6922817887931,experimentos/resultados/analise_final/C4/agregados.csv,2,2,2
C4,memoria,2,3,pss_arvore_mib,MiB; soma PSS,pss_soma_bytes_media,,3,0,180.48961700790232,1.6305155971846532,178.77845501077587,182.0252896012931,experimentos/resultados/analise_final/C4/agregados.csv,2,2,2
C4,memoria,3,3,vazao_rps,req/s,vazao_calculada_janela_rps,,3,0,2.835869308505595,0.00014100709175263258,2.835786299735725,2.8360321189415663,experimentos/resultados/analise_final/C4/agregados.csv,2,2,2
C4,memoria,3,3,latencia_media_ms,ms,latencia_media_calculada_janela_ms,,3,0,1041.2657537698767,3.303663639185588,1037.4523642852484,1043.2604196425277,experimentos/resultados/analise_final/C4/agregados.csv,2,2,2
C4,memoria,3,3,p95_ms,ms,p95_janela_ms,,3,0,1100.5600666734001,25.085520937904974,1078.0610000074375,1127.6092000043718,experimentos/resultados/analise_final/C4/agregados.csv,2,2,2
C4,memoria,3,3,falhas,requisições,falhas_janela,,3,0,0.0,0.0,0.0,0.0,experimentos/resultados/analise_final/C4/agregados.csv,2,2,2
C4,memoria,3,3,cpu_arvore_pct,% capacidade VM,cpu_arvore_capacidade_pct_media,,3,0,3.5966450240984966,0.013446756971886471,3.5852083431580626,3.6114582543350062,experimentos/resultados/analise_final/C4/agregados.csv,2,2,2
C4,memoria,3,3,cpu_global_pct,% capacidade VM; diagnóstico,cpu_vm_pct_media,,3,0,3.011903370348724,0.19167485261118353,2.823728813559322,3.206896551724138,experimentos/resultados/analise_final/C4/agregados.csv,2,2,2
C4,memoria,3,3,ram_vm_mib,MiB,ram_usada_bytes_media,,3,0,750.5752510562779,1.3509927905241494,749.0338320974577,751.5538119612069,experimentos/resultados/analise_final/C4/agregados.csv,2,2,2
C4,memoria,3,3,ram_disponivel_mib,MiB,ram_disponivel_bytes_media,,3,0,1226.9677176937219,1.3509927905242143,1225.989156788793,1228.5091366525423,experimentos/resultados/analise_final/C4/agregados.csv,2,2,2
C4,memoria,3,3,rss_arvore_mib,MiB; soma RSS,rss_soma_bytes_media,,3,0,268.4472880747126,0.4983327638265042,268.0137392241379,268.99172404661016,experimentos/resultados/analise_final/C4/agregados.csv,2,2,2
C4,memoria,3,3,rss_pico_mib,MiB; pico amostrado da soma RSS,rss_soma_bytes_max,,3,0,270.28515625,0.0,270.28515625,270.28515625,experimentos/resultados/analise_final/C4/agregados.csv,2,2,2
C4,memoria,3,3,uss_arvore_mib,MiB; soma USS,uss_soma_bytes_media,,3,0,227.64689265536722,0.49615401327626096,227.26171875,228.20676641949152,experimentos/resultados/analise_final/C4/agregados.csv,2,2,2
C4,memoria,3,3,pss_arvore_mib,MiB; soma PSS,pss_soma_bytes_media,,3,0,230.98315567620057,0.4991976773562803,230.5927734375,231.54563360699152,experimentos/resultados/analise_final/C4/agregados.csv,2,2,2
