aplicacao,usuarios,metrica,unidade,unidade_diferenca,dispositivo,cenario_base,cenario_comparado,alteracao,media_base,media_comparada,n_base,n_comparado,diferenca_absoluta,diferenca_percentual,motivo
cpu,1,cpu_arvore_pct,% capacidade VM,pontos percentuais da capacidade VM,,C1,C2,aumento de RAM,98.40740316855442,98.51992711856902,3,3,0.11252395001459092,0.1143450049401846,
cpu,1,cpu_arvore_pct,% capacidade VM,pontos percentuais da capacidade VM,,C3,C4,aumento de RAM,49.39305049229586,49.29840609613734,3,3,-0.09464439615852172,-0.19161480251818824,
cpu,1,cpu_arvore_pct,% capacidade VM,pontos percentuais da capacidade VM,,C1,C3,mudança conjunta de vCPUs e workers,98.40740316855442,49.39305049229586,3,3,-49.01435267625856,-49.807586724248445,
cpu,1,cpu_arvore_pct,% capacidade VM,pontos percentuais da capacidade VM,,C2,C4,mudança conjunta de vCPUs e workers,98.51992711856902,49.29840609613734,3,3,-49.22152102243167,-49.960979937788046,
cpu,1,cpu_global_pct,% capacidade VM; diagnóstico,pontos percentuais da capacidade VM,,C1,C2,aumento de RAM,99.79942528735631,99.83793103448276,3,3,0.038505747126450274,0.03858313513888402,
cpu,1,cpu_global_pct,% capacidade VM; diagnóstico,pontos percentuais da capacidade VM,,C3,C4,aumento de RAM,35.27068965517241,35.59712643678161,3,3,0.3264367816091962,0.9255185674015438,
cpu,1,cpu_global_pct,% capacidade VM; diagnóstico,pontos percentuais da capacidade VM,,C1,C3,mudança conjunta de vCPUs e workers,99.79942528735631,35.27068965517241,3,3,-64.5287356321839,-64.65842408048326,
cpu,1,cpu_global_pct,% capacidade VM; diagnóstico,pontos percentuais da capacidade VM,,C2,C4,mudança conjunta de vCPUs e workers,99.83793103448276,35.59712643678161,3,3,-64.24080459770116,-64.34508801621018,
cpu,1,falhas,requisições,requisições,,C1,C2,aumento de RAM,0.0,0.0,3,3,0.0,,denominador zero
cpu,1,falhas,requisições,requisições,,C3,C4,aumento de RAM,0.0,0.0,3,3,0.0,,denominador zero
cpu,1,falhas,requisições,requisições,,C1,C3,mudança conjunta de vCPUs e workers,0.0,0.0,3,3,0.0,,denominador zero
cpu,1,falhas,requisições,requisições,,C2,C4,mudança conjunta de vCPUs e workers,0.0,0.0,3,3,0.0,,denominador zero
cpu,1,latencia_media_ms,ms,ms,,C1,C2,aumento de RAM,258.13737548194,259.0312343265282,3,3,0.8938588445881805,0.34627253915453143,
cpu,1,latencia_media_ms,ms,ms,,C3,C4,aumento de RAM,235.0358490745961,232.0750513180409,3,3,-2.960797756555195,-1.259721769344,
cpu,1,latencia_media_ms,ms,ms,,C1,C3,mudança conjunta de vCPUs e workers,258.13737548194,235.0358490745961,3,3,-23.101526407343925,-8.949314822858796,
cpu,1,latencia_media_ms,ms,ms,,C2,C4,mudança conjunta de vCPUs e workers,259.0312343265282,232.0750513180409,3,3,-26.9561830084873,-10.406537682056914,
cpu,1,p95_ms,ms,ms,,C1,C2,aumento de RAM,277.9730666661635,272.06796666723676,3,3,-5.905099998926744,-2.1243425018649646,
cpu,1,p95_ms,ms,ms,,C3,C4,aumento de RAM,246.0316666692961,238.27606667085396,3,3,-7.755599998442136,-3.1522771452289677,
cpu,1,p95_ms,ms,ms,,C1,C3,mudança conjunta de vCPUs e workers,277.9730666661635,246.0316666692961,3,3,-31.941399996867403,-11.490825488941333,
cpu,1,p95_ms,ms,ms,,C2,C4,mudança conjunta de vCPUs e workers,272.06796666723676,238.27606667085396,3,3,-33.791899996382796,-12.420389070541805,
cpu,1,pss_arvore_mib,MiB; soma PSS,MiB; soma PSS,,C1,C2,aumento de RAM,,,0,0,,,métrica ausente
cpu,1,pss_arvore_mib,MiB; soma PSS,MiB; soma PSS,,C3,C4,aumento de RAM,,,0,0,,,métrica ausente
cpu,1,pss_arvore_mib,MiB; soma PSS,MiB; soma PSS,,C1,C3,mudança conjunta de vCPUs e workers,,,0,0,,,métrica ausente
cpu,1,pss_arvore_mib,MiB; soma PSS,MiB; soma PSS,,C2,C4,mudança conjunta de vCPUs e workers,,,0,0,,,métrica ausente
cpu,1,ram_disponivel_mib,MiB,MiB,,C1,C2,aumento de RAM,540.3064161278736,1538.2088047772988,3,3,997.9023886494252,184.69193754923927,
cpu,1,ram_disponivel_mib,MiB,MiB,,C3,C4,aumento de RAM,385.30971623563215,1348.4423715876437,3,3,963.1326553520116,249.963241197639,
cpu,1,ram_disponivel_mib,MiB,MiB,,C1,C3,mudança conjunta de vCPUs e workers,540.3064161278736,385.30971623563215,3,3,-154.99669989224145,-28.686814604762827,
cpu,1,ram_disponivel_mib,MiB,MiB,,C2,C4,mudança conjunta de vCPUs e workers,1538.2088047772988,1348.4423715876437,3,3,-189.76643318965512,-12.336844815885021,
cpu,1,ram_vm_mib,MiB,MiB,,C1,C2,aumento de RAM,430.97874012212645,439.57635147270116,3,3,8.59761135057471,1.9949038201138192,
cpu,1,ram_vm_mib,MiB,MiB,,C3,C4,aumento de RAM,585.7332525143678,629.1005971623563,3,3,43.36734464798849,7.40394103661115,
cpu,1,ram_vm_mib,MiB,MiB,,C1,C3,mudança conjunta de vCPUs e workers,430.97874012212645,585.7332525143678,3,3,154.75451239224134,35.90769056227427,
cpu,1,ram_vm_mib,MiB,MiB,,C2,C4,mudança conjunta de vCPUs e workers,439.57635147270116,629.1005971623563,3,3,189.52424568965512,43.115205141199475,
cpu,1,rss_arvore_mib,MiB; soma RSS,MiB; soma RSS,,C1,C2,aumento de RAM,43.15625,42.8515625,3,3,-0.3046875,-0.7060101375814627,
cpu,1,rss_arvore_mib,MiB; soma RSS,MiB; soma RSS,,C3,C4,aumento de RAM,119.79166666666667,119.47265625,3,3,-0.3190104166666714,-0.2663043478260909,
cpu,1,rss_arvore_mib,MiB; soma RSS,MiB; soma RSS,,C1,C3,mudança conjunta de vCPUs e workers,43.15625,119.79166666666667,3,3,76.63541666666667,177.57663528843835,
cpu,1,rss_arvore_mib,MiB; soma RSS,MiB; soma RSS,,C2,C4,mudança conjunta de vCPUs e workers,42.8515625,119.47265625,3,3,76.62109375,178.80583409298086,
cpu,1,rss_pico_mib,MiB; pico amostrado da soma RSS,MiB; pico amostrado da soma RSS,,C1,C2,aumento de RAM,43.15625,42.8515625,3,3,-0.3046875,-0.7060101375814627,
cpu,1,rss_pico_mib,MiB; pico amostrado da soma RSS,MiB; pico amostrado da soma RSS,,C3,C4,aumento de RAM,119.79166666666667,119.47265625,3,3,-0.3190104166666714,-0.2663043478260909,
cpu,1,rss_pico_mib,MiB; pico amostrado da soma RSS,MiB; pico amostrado da soma RSS,,C1,C3,mudança conjunta de vCPUs e workers,43.15625,119.79166666666667,3,3,76.63541666666667,177.57663528843835,
cpu,1,rss_pico_mib,MiB; pico amostrado da soma RSS,MiB; pico amostrado da soma RSS,,C2,C4,mudança conjunta de vCPUs e workers,42.8515625,119.47265625,3,3,76.62109375,178.80583409298086,
cpu,1,uss_arvore_mib,MiB; soma USS,MiB; soma USS,,C1,C2,aumento de RAM,,,0,0,,,métrica ausente
cpu,1,uss_arvore_mib,MiB; soma USS,MiB; soma USS,,C3,C4,aumento de RAM,,,0,0,,,métrica ausente
cpu,1,uss_arvore_mib,MiB; soma USS,MiB; soma USS,,C1,C3,mudança conjunta de vCPUs e workers,,,0,0,,,métrica ausente
cpu,1,uss_arvore_mib,MiB; soma USS,MiB; soma USS,,C2,C4,mudança conjunta de vCPUs e workers,,,0,0,,,métrica ausente
cpu,1,vazao_rps,req/s,req/s,,C1,C2,aumento de RAM,3.8508705467236957,3.835277227199692,3,3,-0.015593319524003668,-0.4049297252349965,
cpu,1,vazao_rps,req/s,req/s,,C3,C4,aumento de RAM,4.230945705904826,4.282004019404406,3,3,0.051058313499579455,1.2067825268549544,
cpu,1,vazao_rps,req/s,req/s,,C1,C3,mudança conjunta de vCPUs e workers,3.8508705467236957,4.230945705904826,3,3,0.38007515918113066,9.869850325259492,
cpu,1,vazao_rps,req/s,req/s,,C2,C4,mudança conjunta de vCPUs e workers,3.835277227199692,4.282004019404406,3,3,0.4467267922047138,11.64783575582329,
cpu,2,cpu_arvore_pct,% capacidade VM,pontos percentuais da capacidade VM,,C1,C2,aumento de RAM,98.6861551567253,98.74959136920397,3,3,0.06343621247866338,0.06428076195482452,
cpu,2,cpu_arvore_pct,% capacidade VM,pontos percentuais da capacidade VM,,C3,C4,aumento de RAM,96.46576239217914,96.28676949686432,3,3,-0.17899289531482054,-0.18555069786016867,
cpu,2,cpu_arvore_pct,% capacidade VM,pontos percentuais da capacidade VM,,C1,C3,mudança conjunta de vCPUs e workers,98.6861551567253,96.46576239217914,3,3,-2.220392764546162,-2.2499536647465037,
cpu,2,cpu_arvore_pct,% capacidade VM,pontos percentuais da capacidade VM,,C2,C4,mudança conjunta de vCPUs e workers,98.74959136920397,96.28676949686432,3,3,-2.462821872339646,-2.4940071530338512,
cpu,2,cpu_global_pct,% capacidade VM; diagnóstico,pontos percentuais da capacidade VM,,C1,C2,aumento de RAM,100.0,100.0,3,3,0.0,0.0,
cpu,2,cpu_global_pct,% capacidade VM; diagnóstico,pontos percentuais da capacidade VM,,C3,C4,aumento de RAM,94.35459770114942,94.49712643678161,3,3,0.14252873563219737,0.1510564817240073,
cpu,2,cpu_global_pct,% capacidade VM; diagnóstico,pontos percentuais da capacidade VM,,C1,C3,mudança conjunta de vCPUs e workers,100.0,94.35459770114942,3,3,-5.645402298850584,-5.645402298850584,
cpu,2,cpu_global_pct,% capacidade VM; diagnóstico,pontos percentuais da capacidade VM,,C2,C4,mudança conjunta de vCPUs e workers,100.0,94.49712643678161,3,3,-5.502873563218387,-5.502873563218387,
cpu,2,falhas,requisições,requisições,,C1,C2,aumento de RAM,0.0,0.0,3,3,0.0,,denominador zero
cpu,2,falhas,requisições,requisições,,C3,C4,aumento de RAM,0.0,0.0,3,3,0.0,,denominador zero
cpu,2,falhas,requisições,requisições,,C1,C3,mudança conjunta de vCPUs e workers,0.0,0.0,3,3,0.0,,denominador zero
cpu,2,falhas,requisições,requisições,,C2,C4,mudança conjunta de vCPUs e workers,0.0,0.0,3,3,0.0,,denominador zero
cpu,2,latencia_media_ms,ms,ms,,C1,C2,aumento de RAM,519.5677062879187,518.6358214946698,3,3,-0.9318847932488552,-0.17935772026840538,
cpu,2,latencia_media_ms,ms,ms,,C3,C4,aumento de RAM,235.88958891102834,234.9999507226197,3,3,-0.8896381884086395,-0.37714177743731997,
cpu,2,latencia_media_ms,ms,ms,,C1,C3,mudança conjunta de vCPUs e workers,519.5677062879187,235.88958891102834,3,3,-283.6781173768903,-54.598874014639,
cpu,2,latencia_media_ms,ms,ms,,C2,C4,mudança conjunta de vCPUs e workers,518.6358214946698,234.9999507226197,3,3,-283.6358707720501,-54.688831549396774,
cpu,2,p95_ms,ms,ms,,C1,C2,aumento de RAM,561.0459333305092,553.5875999970207,3,3,-7.458333333488554,-1.3293623374496306,
cpu,2,p95_ms,ms,ms,,C3,C4,aumento de RAM,242.4294333322905,244.96736666575694,3,3,2.537933333466441,1.0468750838466774,
cpu,2,p95_ms,ms,ms,,C1,C3,mudança conjunta de vCPUs e workers,561.0459333305092,242.4294333322905,3,3,-318.6164999982187,-56.78973521950892,
cpu,2,p95_ms,ms,ms,,C2,C4,mudança conjunta de vCPUs e workers,553.5875999970207,244.96736666575694,3,3,-308.62023333126376,-55.74912323414121,
cpu,2,pss_arvore_mib,MiB; soma PSS,MiB; soma PSS,,C1,C2,aumento de RAM,,,0,0,,,métrica ausente
cpu,2,pss_arvore_mib,MiB; soma PSS,MiB; soma PSS,,C3,C4,aumento de RAM,,,0,0,,,métrica ausente
cpu,2,pss_arvore_mib,MiB; soma PSS,MiB; soma PSS,,C1,C3,mudança conjunta de vCPUs e workers,,,0,0,,,métrica ausente
cpu,2,pss_arvore_mib,MiB; soma PSS,MiB; soma PSS,,C2,C4,mudança conjunta de vCPUs e workers,,,0,0,,,métrica ausente
cpu,2,ram_disponivel_mib,MiB,MiB,,C1,C2,aumento de RAM,535.0121852474186,1532.9266792385058,3,3,997.9144939910872,186.5218253916212,
cpu,2,ram_disponivel_mib,MiB,MiB,,C3,C4,aumento de RAM,381.9548087284483,1347.5363909841954,3,3,965.581582255747,252.79995438995232,
cpu,2,ram_disponivel_mib,MiB,MiB,,C1,C3,mudança conjunta de vCPUs e workers,535.0121852474186,381.9548087284483,3,3,-153.05737651897033,-28.608203838981407,
cpu,2,ram_disponivel_mib,MiB,MiB,,C2,C4,mudança conjunta de vCPUs e workers,1532.9266792385058,1347.5363909841954,3,3,-185.39028825431046,-12.093878380824101,
cpu,2,ram_vm_mib,MiB,MiB,,C1,C2,aumento de RAM,436.2729710025813,444.85847701149424,3,3,8.585506008912944,1.9679206780064642,
cpu,2,ram_vm_mib,MiB,MiB,,C3,C4,aumento de RAM,589.0881600215517,630.0065777658045,3,3,40.91841774425279,6.9460601181928014,
cpu,2,ram_vm_mib,MiB,MiB,,C1,C3,mudança conjunta de vCPUs e workers,436.2729710025813,589.0881600215517,3,3,152.81518901897044,35.02742529930104,
cpu,2,ram_vm_mib,MiB,MiB,,C2,C4,mudança conjunta de vCPUs e workers,444.85847701149424,630.0065777658045,3,3,185.1481007543103,41.61955100824716,
cpu,2,rss_arvore_mib,MiB; soma RSS,MiB; soma RSS,,C1,C2,aumento de RAM,43.479166666666664,43.315104166666664,3,3,-0.1640625,-0.3773358888356493,
cpu,2,rss_arvore_mib,MiB; soma RSS,MiB; soma RSS,,C3,C4,aumento de RAM,120.62095905172414,120.48363415948275,3,3,-0.137324892241395,-0.11384828417962416,
cpu,2,rss_arvore_mib,MiB; soma RSS,MiB; soma RSS,,C1,C3,mudança conjunta de vCPUs e workers,43.479166666666664,120.62095905172414,3,3,77.14179238505747,177.4224261850867,
cpu,2,rss_arvore_mib,MiB; soma RSS,MiB; soma RSS,,C2,C4,mudança conjunta de vCPUs e workers,43.315104166666664,120.48363415948275,3,3,77.16852999281608,178.15616856394743,
cpu,2,rss_pico_mib,MiB; pico amostrado da soma RSS,MiB; pico amostrado da soma RSS,,C1,C2,aumento de RAM,43.479166666666664,43.315104166666664,3,3,-0.1640625,-0.3773358888356493,
cpu,2,rss_pico_mib,MiB; pico amostrado da soma RSS,MiB; pico amostrado da soma RSS,,C3,C4,aumento de RAM,120.66927083333333,120.51041666666667,3,3,-0.1588541666666572,-0.13164425836803495,
cpu,2,rss_pico_mib,MiB; pico amostrado da soma RSS,MiB; pico amostrado da soma RSS,,C1,C3,mudança conjunta de vCPUs e workers,43.479166666666664,120.66927083333333,3,3,77.19010416666666,177.5335409678965,
cpu,2,rss_pico_mib,MiB; pico amostrado da soma RSS,MiB; pico amostrado da soma RSS,,C2,C4,mudança conjunta de vCPUs e workers,43.315104166666664,120.51041666666667,3,3,77.1953125,178.21800036072867,
cpu,2,uss_arvore_mib,MiB; soma USS,MiB; soma USS,,C1,C2,aumento de RAM,,,0,0,,,métrica ausente
cpu,2,uss_arvore_mib,MiB; soma USS,MiB; soma USS,,C3,C4,aumento de RAM,,,0,0,,,métrica ausente
cpu,2,uss_arvore_mib,MiB; soma USS,MiB; soma USS,,C1,C3,mudança conjunta de vCPUs e workers,,,0,0,,,métrica ausente
cpu,2,uss_arvore_mib,MiB; soma USS,MiB; soma USS,,C2,C4,mudança conjunta de vCPUs e workers,,,0,0,,,métrica ausente
cpu,2,vazao_rps,req/s,req/s,,C1,C2,aumento de RAM,3.8184670179975364,3.827381424433966,3,3,0.008914406436429712,0.23345511155166573,
cpu,2,vazao_rps,req/s,req/s,,C3,C4,aumento de RAM,8.427557848560149,8.462330442577569,3,3,0.03477259401742039,0.4126058182248052,
cpu,2,vazao_rps,req/s,req/s,,C1,C3,mudança conjunta de vCPUs e workers,3.8184670179975364,8.427557848560149,3,3,4.609090830562613,120.70526755471865,
cpu,2,vazao_rps,req/s,req/s,,C2,C4,mudança conjunta de vCPUs e workers,3.827381424433966,8.462330442577569,3,3,4.634949018143603,121.09974168119572,
cpu,5,cpu_arvore_pct,% capacidade VM,pontos percentuais da capacidade VM,,C1,C2,aumento de RAM,98.75804595809433,98.5885018519699,3,3,-0.16954410612443382,-0.17167624620314573,
cpu,5,cpu_arvore_pct,% capacidade VM,pontos percentuais da capacidade VM,,C3,C4,aumento de RAM,87.39206554214589,87.08451245876124,3,3,-0.30755308338464715,-0.35192334850619356,
cpu,5,cpu_arvore_pct,% capacidade VM,pontos percentuais da capacidade VM,,C1,C3,mudança conjunta de vCPUs e workers,98.75804595809433,87.39206554214589,3,3,-11.365980415948442,-11.508915861672001,
cpu,5,cpu_arvore_pct,% capacidade VM,pontos percentuais da capacidade VM,,C2,C4,mudança conjunta de vCPUs e workers,98.5885018519699,87.08451245876124,3,3,-11.503989393208656,-11.668692775636082,
cpu,5,cpu_global_pct,% capacidade VM; diagnóstico,pontos percentuais da capacidade VM,,C1,C2,aumento de RAM,100.0,100.0,3,3,0.0,0.0,
cpu,5,cpu_global_pct,% capacidade VM; diagnóstico,pontos percentuais da capacidade VM,,C3,C4,aumento de RAM,74.74367816091954,74.61551724137932,3,3,-0.12816091954022113,-0.17146723668628783,
cpu,5,cpu_global_pct,% capacidade VM; diagnóstico,pontos percentuais da capacidade VM,,C1,C3,mudança conjunta de vCPUs e workers,100.0,74.74367816091954,3,3,-25.256321839080456,-25.25632183908046,
cpu,5,cpu_global_pct,% capacidade VM; diagnóstico,pontos percentuais da capacidade VM,,C2,C4,mudança conjunta de vCPUs e workers,100.0,74.61551724137932,3,3,-25.384482758620678,-25.38448275862068,
cpu,5,falhas,requisições,requisições,,C1,C2,aumento de RAM,0.0,0.0,3,3,0.0,,denominador zero
cpu,5,falhas,requisições,requisições,,C3,C4,aumento de RAM,0.0,0.0,3,3,0.0,,denominador zero
cpu,5,falhas,requisições,requisições,,C1,C3,mudança conjunta de vCPUs e workers,0.0,0.0,3,3,0.0,,denominador zero
cpu,5,falhas,requisições,requisições,,C2,C4,mudança conjunta de vCPUs e workers,0.0,0.0,3,3,0.0,,denominador zero
cpu,5,latencia_media_ms,ms,ms,,C1,C2,aumento de RAM,1297.5636439923512,1398.5907103731151,3,3,101.02706638076393,7.785904517941276,
cpu,5,latencia_media_ms,ms,ms,,C3,C4,aumento de RAM,648.3124966860167,651.0420330792308,3,3,2.7295363932140617,0.42102171517079356,
cpu,5,latencia_media_ms,ms,ms,,C1,C3,mudança conjunta de vCPUs e workers,1297.5636439923512,648.3124966860167,3,3,-649.2511473063345,-50.03616973335618,
cpu,5,latencia_media_ms,ms,ms,,C2,C4,mudança conjunta de vCPUs e workers,1398.5907103731151,651.0420330792308,3,3,-747.5486772938843,-53.45013889692244,
cpu,5,p95_ms,ms,ms,,C1,C2,aumento de RAM,1421.500899993892,1711.460366670508,3,3,289.9594666766159,20.398120513174618,
cpu,5,p95_ms,ms,ms,,C3,C4,aumento de RAM,1182.6153666625032,1144.028599994878,3,3,-38.58676666762517,-3.262833187811699,
cpu,5,p95_ms,ms,ms,,C1,C3,mudança conjunta de vCPUs e workers,1421.500899993892,1182.6153666625032,3,3,-238.88553333138884,-16.805162299398845,
cpu,5,p95_ms,ms,ms,,C2,C4,mudança conjunta de vCPUs e workers,1711.460366670508,1144.028599994878,3,3,-567.4317666756299,-33.1548295085277,
cpu,5,pss_arvore_mib,MiB; soma PSS,MiB; soma PSS,,C1,C2,aumento de RAM,,,0,0,,,métrica ausente
cpu,5,pss_arvore_mib,MiB; soma PSS,MiB; soma PSS,,C3,C4,aumento de RAM,,,0,0,,,métrica ausente
cpu,5,pss_arvore_mib,MiB; soma PSS,MiB; soma PSS,,C1,C3,mudança conjunta de vCPUs e workers,,,0,0,,,métrica ausente
cpu,5,pss_arvore_mib,MiB; soma PSS,MiB; soma PSS,,C2,C4,mudança conjunta de vCPUs e workers,,,0,0,,,métrica ausente
cpu,5,ram_disponivel_mib,MiB,MiB,,C1,C2,aumento de RAM,533.8029223437804,1532.3917779530993,3,3,998.5888556093189,187.07069853135917,
cpu,5,ram_disponivel_mib,MiB,MiB,,C3,C4,aumento de RAM,382.65568266912624,1346.3695896192528,3,3,963.7139069501266,251.8488423399237,
cpu,5,ram_disponivel_mib,MiB,MiB,,C1,C3,mudança conjunta de vCPUs e workers,533.8029223437804,382.65568266912624,3,3,-151.1472396746542,-28.315176509526896,
cpu,5,ram_disponivel_mib,MiB,MiB,,C2,C4,mudança conjunta de vCPUs e workers,1532.3917779530993,1346.3695896192528,3,3,-186.02218833384654,-12.13933610256815,
cpu,5,ram_vm_mib,MiB,MiB,,C1,C2,aumento de RAM,437.48223390621956,445.39337829690066,3,3,7.911144390681102,1.8083350082684653,
cpu,5,ram_vm_mib,MiB,MiB,,C3,C4,aumento de RAM,588.3872860808738,631.1733791307471,3,3,42.78609304987333,7.271756895847063,
cpu,5,ram_vm_mib,MiB,MiB,,C1,C3,mudança conjunta de vCPUs e workers,437.48223390621956,588.3872860808738,3,3,150.9050521746542,34.4939840933067,
cpu,5,ram_vm_mib,MiB,MiB,,C2,C4,mudança conjunta de vCPUs e workers,445.39337829690066,631.1733791307471,3,3,185.78000083384643,41.711442038997916,
cpu,5,rss_arvore_mib,MiB; soma RSS,MiB; soma RSS,,C1,C2,aumento de RAM,43.817708333333336,43.703125,3,3,-0.1145833333333357,-0.2615000594318371,
cpu,5,rss_arvore_mib,MiB; soma RSS,MiB; soma RSS,,C3,C4,aumento de RAM,121.31097341954023,121.11958961925286,3,3,-0.1913838002873689,-0.15776297468613143,
cpu,5,rss_arvore_mib,MiB; soma RSS,MiB; soma RSS,,C1,C3,mudança conjunta de vCPUs e workers,43.817708333333336,121.31097341954023,3,3,77.49326508620689,176.85376080532177,
cpu,5,rss_arvore_mib,MiB; soma RSS,MiB; soma RSS,,C2,C4,mudança conjunta de vCPUs e workers,43.703125,121.11958961925286,3,3,77.41646461925286,177.14171382310272,
cpu,5,rss_pico_mib,MiB; pico amostrado da soma RSS,MiB; pico amostrado da soma RSS,,C1,C2,aumento de RAM,43.817708333333336,43.703125,3,3,-0.1145833333333357,-0.2615000594318371,
cpu,5,rss_pico_mib,MiB; pico amostrado da soma RSS,MiB; pico amostrado da soma RSS,,C3,C4,aumento de RAM,121.31770833333333,121.13151041666667,3,3,-0.1861979166666572,-0.15347958614175153,
cpu,5,rss_pico_mib,MiB; pico amostrado da soma RSS,MiB; pico amostrado da soma RSS,,C1,C3,mudança conjunta de vCPUs e workers,43.817708333333336,121.31770833333333,3,3,77.5,176.8691311066207,
cpu,5,rss_pico_mib,MiB; pico amostrado da soma RSS,MiB; pico amostrado da soma RSS,,C2,C4,mudança conjunta de vCPUs e workers,43.703125,121.13151041666667,3,3,77.42838541666667,177.16899058515077,
cpu,5,uss_arvore_mib,MiB; soma USS,MiB; soma USS,,C1,C2,aumento de RAM,,,0,0,,,métrica ausente
cpu,5,uss_arvore_mib,MiB; soma USS,MiB; soma USS,,C3,C4,aumento de RAM,,,0,0,,,métrica ausente
cpu,5,uss_arvore_mib,MiB; soma USS,MiB; soma USS,,C1,C3,mudança conjunta de vCPUs e workers,,,0,0,,,métrica ausente
cpu,5,uss_arvore_mib,MiB; soma USS,MiB; soma USS,,C2,C4,mudança conjunta de vCPUs e workers,,,0,0,,,métrica ausente
cpu,5,vazao_rps,req/s,req/s,,C1,C2,aumento de RAM,3.821091912955342,3.549833488266133,3,3,-0.27125842468920913,-7.098976702693605,
cpu,5,vazao_rps,req/s,req/s,,C3,C4,aumento de RAM,7.640050137532733,7.606621833673379,3,3,-0.03342830385935436,-0.43754037287181524,
cpu,5,vazao_rps,req/s,req/s,,C1,C3,mudança conjunta de vCPUs e workers,3.821091912955342,7.640050137532733,3,3,3.818958224577391,99.94416024459615,
cpu,5,vazao_rps,req/s,req/s,,C2,C4,mudança conjunta de vCPUs e workers,3.549833488266133,7.606621833673379,3,3,4.056788345407246,114.28108836137912,
cpu,10,cpu_arvore_pct,% capacidade VM,pontos percentuais da capacidade VM,,C1,C2,aumento de RAM,98.86834085840115,98.59686746414256,3,3,-0.2714733942585923,-0.27458071198685874,
cpu,10,cpu_arvore_pct,% capacidade VM,pontos percentuais da capacidade VM,,C3,C4,aumento de RAM,78.99353575961077,78.74575155264112,3,3,-0.24778420696964076,-0.3136765617425778,
cpu,10,cpu_arvore_pct,% capacidade VM,pontos percentuais da capacidade VM,,C1,C3,mudança conjunta de vCPUs e workers,98.86834085840115,78.99353575961077,3,3,-19.87480509879039,-20.102294552767912,
cpu,10,cpu_arvore_pct,% capacidade VM,pontos percentuais da capacidade VM,,C2,C4,mudança conjunta de vCPUs e workers,98.59686746414256,78.74575155264112,3,3,-19.851115911501438,-20.133617245721155,
cpu,10,cpu_global_pct,% capacidade VM; diagnóstico,pontos percentuais da capacidade VM,,C1,C2,aumento de RAM,100.0,100.0,3,3,0.0,0.0,
cpu,10,cpu_global_pct,% capacidade VM; diagnóstico,pontos percentuais da capacidade VM,,C3,C4,aumento de RAM,60.139479323674465,59.95484122345607,3,3,-0.18463810021839322,-0.3070164595617121,
cpu,10,cpu_global_pct,% capacidade VM; diagnóstico,pontos percentuais da capacidade VM,,C1,C3,mudança conjunta de vCPUs e workers,100.0,60.139479323674465,3,3,-39.860520676325535,-39.860520676325535,
cpu,10,cpu_global_pct,% capacidade VM; diagnóstico,pontos percentuais da capacidade VM,,C2,C4,mudança conjunta de vCPUs e workers,100.0,59.95484122345607,3,3,-40.04515877654393,-40.04515877654393,
cpu,10,falhas,requisições,requisições,,C1,C2,aumento de RAM,0.0,0.0,3,3,0.0,,denominador zero
cpu,10,falhas,requisições,requisições,,C3,C4,aumento de RAM,0.0,0.0,3,3,0.0,,denominador zero
cpu,10,falhas,requisições,requisições,,C1,C3,mudança conjunta de vCPUs e workers,0.0,0.0,3,3,0.0,,denominador zero
cpu,10,falhas,requisições,requisições,,C2,C4,mudança conjunta de vCPUs e workers,0.0,0.0,3,3,0.0,,denominador zero
cpu,10,latencia_media_ms,ms,ms,,C1,C2,aumento de RAM,2474.8283117154115,2793.5017134174377,3,3,318.67340170202624,12.87658623402202,
cpu,10,latencia_media_ms,ms,ms,,C3,C4,aumento de RAM,1478.4678081852715,1450.9992510217646,3,3,-27.46855716350683,-1.8579070177539272,
cpu,10,latencia_media_ms,ms,ms,,C1,C3,mudança conjunta de vCPUs e workers,2474.8283117154115,1478.4678081852715,3,3,-996.36050353014,-40.25978282265242,
cpu,10,latencia_media_ms,ms,ms,,C2,C4,mudança conjunta de vCPUs e workers,2793.5017134174377,1450.9992510217646,3,3,-1342.502462395673,-48.0580504371096,
cpu,10,p95_ms,ms,ms,,C1,C2,aumento de RAM,2975.5549666588195,3465.4531999937412,3,3,489.89823333492177,16.464096238323467,
cpu,10,p95_ms,ms,ms,,C3,C4,aumento de RAM,2626.1525333296354,2629.290533339372,3,3,3.1380000097365155,0.1194903940236069,
cpu,10,p95_ms,ms,ms,,C1,C3,mudança conjunta de vCPUs e workers,2975.5549666588195,2626.1525333296354,3,3,-349.4024333291841,-11.74242913487563,
cpu,10,p95_ms,ms,ms,,C2,C4,mudança conjunta de vCPUs e workers,3465.4531999937412,2629.290533339372,3,3,-836.1626666543693,-24.128522833777684,
cpu,10,pss_arvore_mib,MiB; soma PSS,MiB; soma PSS,,C1,C2,aumento de RAM,,,0,0,,,métrica ausente
cpu,10,pss_arvore_mib,MiB; soma PSS,MiB; soma PSS,,C3,C4,aumento de RAM,,,0,0,,,métrica ausente
cpu,10,pss_arvore_mib,MiB; soma PSS,MiB; soma PSS,,C1,C3,mudança conjunta de vCPUs e workers,,,0,0,,,métrica ausente
cpu,10,pss_arvore_mib,MiB; soma PSS,MiB; soma PSS,,C2,C4,mudança conjunta de vCPUs e workers,,,0,0,,,métrica ausente
cpu,10,ram_disponivel_mib,MiB,MiB,,C1,C2,aumento de RAM,533.036641475726,1531.2068067528735,3,3,998.1701652771475,187.261078809458,
cpu,10,ram_disponivel_mib,MiB,MiB,,C3,C4,aumento de RAM,385.86477120865675,1342.5993620476572,3,3,956.7345908390005,247.94556596659228,
cpu,10,ram_disponivel_mib,MiB,MiB,,C1,C3,mudança conjunta de vCPUs e workers,533.036641475726,385.86477120865675,3,3,-147.17187026706927,-27.61008508901378,
cpu,10,ram_disponivel_mib,MiB,MiB,,C2,C4,mudança conjunta de vCPUs e workers,1531.2068067528735,1342.5993620476572,3,3,-188.60744470521627,-12.317568330641326,
cpu,10,ram_vm_mib,MiB,MiB,,C1,C2,aumento de RAM,438.24851477427404,446.57834949712645,3,3,8.32983472285241,1.9007103143618884,
cpu,10,ram_vm_mib,MiB,MiB,,C3,C4,aumento de RAM,585.1781975413433,634.9436067023427,3,3,49.76540916099941,8.504317038825333,
cpu,10,ram_vm_mib,MiB,MiB,,C1,C3,mudança conjunta de vCPUs e workers,438.24851477427404,585.1781975413433,3,3,146.9296827670692,33.526567190478076,
cpu,10,ram_vm_mib,MiB,MiB,,C2,C4,mudança conjunta de vCPUs e workers,446.57834949712645,634.9436067023427,3,3,188.3652572052162,42.17966621474745,
cpu,10,rss_arvore_mib,MiB; soma RSS,MiB; soma RSS,,C1,C2,aumento de RAM,44.22560307017543,44.177083333333336,3,3,-0.04851973684209554,-0.10970961043788674,
cpu,10,rss_arvore_mib,MiB; soma RSS,MiB; soma RSS,,C3,C4,aumento de RAM,121.68422420441902,121.74779231808884,3,3,0.06356811366981674,0.052240225949937255,
cpu,10,rss_arvore_mib,MiB; soma RSS,MiB; soma RSS,,C1,C3,mudança conjunta de vCPUs e workers,44.22560307017543,121.68422420441902,3,3,77.4586211342436,175.1442959666041,
cpu,10,rss_arvore_mib,MiB; soma RSS,MiB; soma RSS,,C2,C4,mudança conjunta de vCPUs e workers,44.177083333333336,121.74779231808884,3,3,77.5707089847555,175.5903811020167,
cpu,10,rss_pico_mib,MiB; pico amostrado da soma RSS,MiB; pico amostrado da soma RSS,,C1,C2,aumento de RAM,44.296875,44.177083333333336,3,3,-0.1197916666666643,-0.27042915931804284,
cpu,10,rss_pico_mib,MiB; pico amostrado da soma RSS,MiB; pico amostrado da soma RSS,,C3,C4,aumento de RAM,121.7578125,121.83854166666667,3,3,0.0807291666666714,0.0663030691904648,
cpu,10,rss_pico_mib,MiB; pico amostrado da soma RSS,MiB; pico amostrado da soma RSS,,C1,C3,mudança conjunta de vCPUs e workers,44.296875,121.7578125,3,3,77.4609375,174.86772486772486,
cpu,10,rss_pico_mib,MiB; pico amostrado da soma RSS,MiB; pico amostrado da soma RSS,,C2,C4,mudança conjunta de vCPUs e workers,44.177083333333336,121.83854166666667,3,3,77.66145833333334,175.79580287668003,
cpu,10,uss_arvore_mib,MiB; soma USS,MiB; soma USS,,C1,C2,aumento de RAM,,,0,0,,,métrica ausente
cpu,10,uss_arvore_mib,MiB; soma USS,MiB; soma USS,,C3,C4,aumento de RAM,,,0,0,,,métrica ausente
cpu,10,uss_arvore_mib,MiB; soma USS,MiB; soma USS,,C1,C3,mudança conjunta de vCPUs e workers,,,0,0,,,métrica ausente
cpu,10,uss_arvore_mib,MiB; soma USS,MiB; soma USS,,C2,C4,mudança conjunta de vCPUs e workers,,,0,0,,,métrica ausente
cpu,10,vazao_rps,req/s,req/s,,C1,C2,aumento de RAM,3.96848101759725,3.4836382693017636,3,3,-0.48484274829548646,-12.217338224513886,
cpu,10,vazao_rps,req/s,req/s,,C3,C4,aumento de RAM,6.672494573850824,6.768743080895078,3,3,0.0962485070442538,1.4424666214259199,
cpu,10,vazao_rps,req/s,req/s,,C1,C3,mudança conjunta de vCPUs e workers,3.96848101759725,6.672494573850824,3,3,2.704013556253574,68.13724304748575,
cpu,10,vazao_rps,req/s,req/s,,C2,C4,mudança conjunta de vCPUs e workers,3.4836382693017636,6.768743080895078,3,3,3.2851048115933144,94.30097379920443,
io,1,cpu_arvore_pct,% capacidade VM,pontos percentuais da capacidade VM,,C1,C2,aumento de RAM,12.005564100703927,11.884659786559824,3,3,-0.12090431414410219,-1.007068998423932,
io,1,cpu_arvore_pct,% capacidade VM,pontos percentuais da capacidade VM,,C3,C4,aumento de RAM,6.01784274184828,5.485235155989361,3,3,-0.5326075858589183,-8.850473644901808,
io,1,cpu_arvore_pct,% capacidade VM,pontos percentuais da capacidade VM,,C1,C3,mudança conjunta de vCPUs e workers,12.005564100703927,6.01784274184828,3,3,-5.987721358855647,-49.87455240445192,
io,1,cpu_arvore_pct,% capacidade VM,pontos percentuais da capacidade VM,,C2,C4,mudança conjunta de vCPUs e workers,11.884659786559824,5.485235155989361,3,3,-6.399424630570463,-53.84609021629271,
io,1,cpu_global_pct,% capacidade VM; diagnóstico,pontos percentuais da capacidade VM,,C1,C2,aumento de RAM,14.602298850574712,14.450000000000001,3,3,-0.15229885057471115,-1.0429785894206447,
io,1,cpu_global_pct,% capacidade VM; diagnóstico,pontos percentuais da capacidade VM,,C3,C4,aumento de RAM,7.1528735632183915,6.860344827586207,3,3,-0.2925287356321844,-4.089667363008202,
io,1,cpu_global_pct,% capacidade VM; diagnóstico,pontos percentuais da capacidade VM,,C1,C3,mudança conjunta de vCPUs e workers,14.602298850574712,7.1528735632183915,3,3,-7.449425287356321,-51.0154282115869,
io,1,cpu_global_pct,% capacidade VM; diagnóstico,pontos percentuais da capacidade VM,,C2,C4,mudança conjunta de vCPUs e workers,14.450000000000001,6.860344827586207,3,3,-7.589655172413794,-52.52356520701588,
io,1,disco_ocupado_ms,ms; dispositivo VM,ms; dispositivo VM,sda,C1,C2,aumento de RAM,55496.0,55550.666666666664,3,3,54.66666666666424,0.09850559800105277,
io,1,disco_ocupado_ms,ms; dispositivo VM,ms; dispositivo VM,sda,C3,C4,aumento de RAM,54297.333333333336,54932.0,3,3,634.6666666666642,1.1688726272622307,
io,1,disco_ocupado_ms,ms; dispositivo VM,ms; dispositivo VM,sda,C1,C3,mudança conjunta de vCPUs e workers,55496.0,54297.333333333336,3,3,-1198.6666666666642,-2.1599154293402485,
io,1,disco_ocupado_ms,ms; dispositivo VM,ms; dispositivo VM,sda,C2,C4,mudança conjunta de vCPUs e workers,55550.666666666664,54932.0,3,3,-618.6666666666642,-1.113698005424473,
io,1,escrita_mib_s,MiB/s; dispositivo VM,MiB/s; dispositivo VM,sda,C1,C2,aumento de RAM,53.88816580200739,54.790210717761276,3,3,0.9020449157538835,1.6739202426523885,
io,1,escrita_mib_s,MiB/s; dispositivo VM,MiB/s; dispositivo VM,sda,C3,C4,aumento de RAM,52.511424336180006,50.4882328618912,3,3,-2.023191474288808,-3.8528596393353647,
io,1,escrita_mib_s,MiB/s; dispositivo VM,MiB/s; dispositivo VM,sda,C1,C3,mudança conjunta de vCPUs e workers,53.88816580200739,52.511424336180006,3,3,-1.3767414658273864,-2.554812258568469,
io,1,escrita_mib_s,MiB/s; dispositivo VM,MiB/s; dispositivo VM,sda,C2,C4,mudança conjunta de vCPUs e workers,54.790210717761276,50.4882328618912,3,3,-4.301977855870078,-7.85172715985834,
io,1,escrita_total_mib,MiB; dispositivo VM,MiB; dispositivo VM,sda,C1,C2,aumento de RAM,3125.5364583333335,3177.7265625,3,3,52.190104166666515,1.6697966849024204,
io,1,escrita_total_mib,MiB; dispositivo VM,MiB; dispositivo VM,sda,C3,C4,aumento de RAM,3045.1796875,2928.3802083333335,3,3,-116.79947916666652,-3.8355529444160763,
io,1,escrita_total_mib,MiB; dispositivo VM,MiB; dispositivo VM,sda,C1,C3,mudança conjunta de vCPUs e workers,3125.5364583333335,3045.1796875,3,3,-80.35677083333348,-2.5709753159041075,
io,1,escrita_total_mib,MiB; dispositivo VM,MiB; dispositivo VM,sda,C2,C4,mudança conjunta de vCPUs e workers,3177.7265625,2928.3802083333335,3,3,-249.34635416666652,-7.8466900553740295,
io,1,escritas_operacoes,operações; dispositivo VM,operações; dispositivo VM,sda,C1,C2,aumento de RAM,6950.666666666667,7050.666666666667,3,3,100.0,1.438710915020142,
io,1,escritas_operacoes,operações; dispositivo VM,operações; dispositivo VM,sda,C3,C4,aumento de RAM,6345.333333333333,6254.666666666667,3,3,-90.66666666666606,-1.428871611683117,
io,1,escritas_operacoes,operações; dispositivo VM,operações; dispositivo VM,sda,C1,C3,mudança conjunta de vCPUs e workers,6950.666666666667,6345.333333333333,3,3,-605.3333333333339,-8.708996738921934,
io,1,escritas_operacoes,operações; dispositivo VM,operações; dispositivo VM,sda,C2,C4,mudança conjunta de vCPUs e workers,7050.666666666667,6254.666666666667,3,3,-796.0,-11.289712556732223,
io,1,falhas,requisições,requisições,,C1,C2,aumento de RAM,0.0,0.0,3,3,0.0,,denominador zero
io,1,falhas,requisições,requisições,,C3,C4,aumento de RAM,0.0,0.0,3,3,0.0,,denominador zero
io,1,falhas,requisições,requisições,,C1,C3,mudança conjunta de vCPUs e workers,0.0,0.0,3,3,0.0,,denominador zero
io,1,falhas,requisições,requisições,,C2,C4,mudança conjunta de vCPUs e workers,0.0,0.0,3,3,0.0,,denominador zero
io,1,latencia_media_ms,ms,ms,,C1,C2,aumento de RAM,186.18766797378956,182.93960446822848,3,3,-3.2480635055610776,-1.7445105472927034,
io,1,latencia_media_ms,ms,ms,,C3,C4,aumento de RAM,190.85569126089266,198.47946147733694,3,3,7.623770216444285,3.994520763870161,
io,1,latencia_media_ms,ms,ms,,C1,C3,mudança conjunta de vCPUs e workers,186.18766797378956,190.85569126089266,3,3,4.668023287103097,2.5071602957937227,
io,1,latencia_media_ms,ms,ms,,C2,C4,mudança conjunta de vCPUs e workers,182.93960446822848,198.47946147733694,3,3,15.53985700910846,8.494528592799762,
io,1,p95_ms,ms,ms,,C1,C2,aumento de RAM,258.2141333356655,256.2530333428488,3,3,-1.9610999928166848,-0.7594859225878827,
io,1,p95_ms,ms,ms,,C3,C4,aumento de RAM,267.71583333417465,286.1373333338027,3,3,18.421499999628054,6.880990104396825,
io,1,p95_ms,ms,ms,,C1,C3,mudança conjunta de vCPUs e workers,258.2141333356655,267.71583333417465,3,3,9.501699998509139,3.679775338307064,
io,1,p95_ms,ms,ms,,C2,C4,mudança conjunta de vCPUs e workers,256.2530333428488,286.1373333338027,3,3,29.884299990953878,11.662027801626353,
io,1,pss_arvore_mib,MiB; soma PSS,MiB; soma PSS,,C1,C2,aumento de RAM,33.133283943965516,33.06078259698276,3,3,-0.07250134698275446,-0.21881726877833052,
io,1,pss_arvore_mib,MiB; soma PSS,MiB; soma PSS,,C3,C4,aumento de RAM,82.2920932112069,82.88758306393679,3,3,0.5954898527298838,0.7236294879527834,
io,1,pss_arvore_mib,MiB; soma PSS,MiB; soma PSS,,C1,C3,mudança conjunta de vCPUs e workers,33.133283943965516,82.2920932112069,3,3,49.15880926724139,148.36684872642866,
io,1,pss_arvore_mib,MiB; soma PSS,MiB; soma PSS,,C2,C4,mudança conjunta de vCPUs e workers,33.06078259698276,82.88758306393679,3,3,49.826800466954026,150.71270718044462,
io,1,ram_disponivel_mib,MiB,MiB,,C1,C2,aumento de RAM,543.6934042744252,1542.1652298850574,3,3,998.4718256106322,183.64611705067898,
io,1,ram_disponivel_mib,MiB,MiB,,C3,C4,aumento de RAM,392.4083378232759,1357.0900233477012,3,3,964.6816855244253,245.83618454072632,
io,1,ram_disponivel_mib,MiB,MiB,,C1,C3,mudança conjunta de vCPUs e workers,543.6934042744252,392.4083378232759,3,3,-151.28506645114936,-27.825437141920766,
io,1,ram_disponivel_mib,MiB,MiB,,C2,C4,mudança conjunta de vCPUs e workers,1542.1652298850574,1357.0900233477012,3,3,-185.07520653735628,-12.000997231091153,
io,1,ram_vm_mib,MiB,MiB,,C1,C2,aumento de RAM,427.5917519755747,435.6199263649425,3,3,8.028174389367791,1.8775325651806267,
io,1,ram_vm_mib,MiB,MiB,,C3,C4,aumento de RAM,578.6346309267241,620.4529454022988,3,3,41.818314475574766,7.2270673479393714,
io,1,ram_vm_mib,MiB,MiB,,C1,C3,mudança conjunta de vCPUs e workers,427.5917519755747,578.6346309267241,3,3,151.04287895114936,35.324086176427784,
io,1,ram_vm_mib,MiB,MiB,,C2,C4,mudança conjunta de vCPUs e workers,435.6199263649425,620.4529454022988,3,3,184.83301903735634,42.42988161255774,
io,1,rss_arvore_mib,MiB; soma RSS,MiB; soma RSS,,C1,C2,aumento de RAM,43.203125,43.22265625,3,3,0.01953125,0.045207956600361664,
io,1,rss_arvore_mib,MiB; soma RSS,MiB; soma RSS,,C3,C4,aumento de RAM,120.23828125,121.64453125,3,3,1.40625,1.1695526461128618,
io,1,rss_arvore_mib,MiB; soma RSS,MiB; soma RSS,,C1,C3,mudança conjunta de vCPUs e workers,43.203125,120.23828125,3,3,77.03515625,178.30922242314645,
io,1,rss_arvore_mib,MiB; soma RSS,MiB; soma RSS,,C2,C4,mudança conjunta de vCPUs e workers,43.22265625,121.64453125,3,3,78.421875,181.4369633981021,
io,1,rss_pico_mib,MiB; pico amostrado da soma RSS,MiB; pico amostrado da soma RSS,,C1,C2,aumento de RAM,43.203125,43.22265625,3,3,0.01953125,0.045207956600361664,
io,1,rss_pico_mib,MiB; pico amostrado da soma RSS,MiB; pico amostrado da soma RSS,,C3,C4,aumento de RAM,120.23828125,121.6875,3,3,1.44921875,1.2052889769663102,
io,1,rss_pico_mib,MiB; pico amostrado da soma RSS,MiB; pico amostrado da soma RSS,,C1,C3,mudança conjunta de vCPUs e workers,43.203125,120.23828125,3,3,77.03515625,178.30922242314645,
io,1,rss_pico_mib,MiB; pico amostrado da soma RSS,MiB; pico amostrado da soma RSS,,C2,C4,mudança conjunta de vCPUs e workers,43.22265625,121.6875,3,3,78.46484375,181.53637596023498,
io,1,uss_arvore_mib,MiB; soma USS,MiB; soma USS,,C1,C2,aumento de RAM,30.34161727729885,30.249259159482758,3,3,-0.09235811781609371,-0.30439418232723764,
io,1,uss_arvore_mib,MiB; soma USS,MiB; soma USS,,C3,C4,aumento de RAM,78.62152029454023,79.47710129310344,3,3,0.8555809985632123,1.0882274921140478,
io,1,uss_arvore_mib,MiB; soma USS,MiB; soma USS,,C1,C3,mudança conjunta de vCPUs e workers,30.34161727729885,78.62152029454023,3,3,48.27990301724138,159.12105994878422,
io,1,uss_arvore_mib,MiB; soma USS,MiB; soma USS,,C2,C4,mudança conjunta de vCPUs e workers,30.249259159482758,79.47710129310344,3,3,49.22784213362068,162.74065382585866,
io,1,vazao_rps,req/s,req/s,,C1,C2,aumento de RAM,5.342958474508578,5.429314387937981,3,3,0.08635591342940341,1.6162564961230783,
io,1,vazao_rps,req/s,req/s,,C3,C4,aumento de RAM,5.210311320574664,5.0136217351205525,3,3,-0.19668958545411108,-3.775006393138472,
io,1,vazao_rps,req/s,req/s,,C1,C3,mudança conjunta de vCPUs e workers,5.342958474508578,5.210311320574664,3,3,-0.13264715393391402,-2.4826536565233988,
io,1,vazao_rps,req/s,req/s,,C2,C4,mudança conjunta de vCPUs e workers,5.429314387937981,5.0136217351205525,3,3,-0.4156926528174285,-7.656448367420953,
io,2,cpu_arvore_pct,% capacidade VM,pontos percentuais da capacidade VM,,C1,C2,aumento de RAM,11.373803016391504,12.83923508244952,3,3,1.4654320660580158,12.884275065658244,
io,2,cpu_arvore_pct,% capacidade VM,pontos percentuais da capacidade VM,,C3,C4,aumento de RAM,6.516363417548597,6.999140211922719,3,3,0.48277679437412235,7.408684314229655,
io,2,cpu_arvore_pct,% capacidade VM,pontos percentuais da capacidade VM,,C1,C3,mudança conjunta de vCPUs e workers,11.373803016391504,6.516363417548597,3,3,-4.857439598842907,-42.707259760368146,
io,2,cpu_arvore_pct,% capacidade VM,pontos percentuais da capacidade VM,,C2,C4,mudança conjunta de vCPUs e workers,12.83923508244952,6.999140211922719,3,3,-5.8400948705268005,-45.48631466768505,
io,2,cpu_global_pct,% capacidade VM; diagnóstico,pontos percentuais da capacidade VM,,C1,C2,aumento de RAM,14.712643678160921,16.11551724137931,3,3,1.4028735632183906,9.535156249999996,
io,2,cpu_global_pct,% capacidade VM; diagnóstico,pontos percentuais da capacidade VM,,C3,C4,aumento de RAM,7.783908045977012,8.491379310344827,3,3,0.7074712643678156,9.088895451860596,
io,2,cpu_global_pct,% capacidade VM; diagnóstico,pontos percentuais da capacidade VM,,C1,C3,mudança conjunta de vCPUs e workers,14.712643678160921,7.783908045977012,3,3,-6.928735632183909,-47.09375,
io,2,cpu_global_pct,% capacidade VM; diagnóstico,pontos percentuais da capacidade VM,,C2,C4,mudança conjunta de vCPUs e workers,16.11551724137931,8.491379310344827,3,3,-7.624137931034484,-47.309297100674016,
io,2,disco_ocupado_ms,ms; dispositivo VM,ms; dispositivo VM,sda,C1,C2,aumento de RAM,55942.666666666664,55264.0,3,3,-678.6666666666642,-1.2131467931453588,
io,2,disco_ocupado_ms,ms; dispositivo VM,ms; dispositivo VM,sda,C3,C4,aumento de RAM,55369.333333333336,55529.333333333336,3,3,160.0,0.28896862282370506,
io,2,disco_ocupado_ms,ms; dispositivo VM,ms; dispositivo VM,sda,C1,C3,mudança conjunta de vCPUs e workers,55942.666666666664,55369.333333333336,3,3,-573.3333333333285,-1.0248587839931271,
io,2,disco_ocupado_ms,ms; dispositivo VM,ms; dispositivo VM,sda,C2,C4,mudança conjunta de vCPUs e workers,55264.0,55529.333333333336,3,3,265.33333333333576,0.4801196680177615,
io,2,escrita_mib_s,MiB/s; dispositivo VM,MiB/s; dispositivo VM,sda,C1,C2,aumento de RAM,56.70919261636809,57.74826598614694,3,3,1.0390733697788477,1.8322838358995392,
io,2,escrita_mib_s,MiB/s; dispositivo VM,MiB/s; dispositivo VM,sda,C3,C4,aumento de RAM,53.10449749737418,55.48441244266206,3,3,2.3799149452878794,4.481569466702057,
io,2,escrita_mib_s,MiB/s; dispositivo VM,MiB/s; dispositivo VM,sda,C1,C3,mudança conjunta de vCPUs e workers,56.70919261636809,53.10449749737418,3,3,-3.6046951189939094,-6.35645642740729,
io,2,escrita_mib_s,MiB/s; dispositivo VM,MiB/s; dispositivo VM,sda,C2,C4,mudança conjunta de vCPUs e workers,57.74826598614694,55.48441244266206,3,3,-2.2638535434848777,-3.920210425067909,
io,2,escrita_total_mib,MiB; dispositivo VM,MiB; dispositivo VM,sda,C1,C2,aumento de RAM,3289.09375,3349.18359375,3,3,60.08984375,1.8269422618312416,
io,2,escrita_total_mib,MiB; dispositivo VM,MiB; dispositivo VM,sda,C3,C4,aumento de RAM,3080.1536458333335,3217.2825520833335,3,3,137.12890625,4.452015127086294,
io,2,escrita_total_mib,MiB; dispositivo VM,MiB; dispositivo VM,sda,C1,C3,mudança conjunta de vCPUs e workers,3289.09375,3080.1536458333335,3,3,-208.94010416666652,-6.352512881904522,
io,2,escrita_total_mib,MiB; dispositivo VM,MiB; dispositivo VM,sda,C2,C4,mudança conjunta de vCPUs e workers,3349.18359375,3217.2825520833335,3,3,-131.90104166666652,-3.9383043053480415,
io,2,escritas_operacoes,operações; dispositivo VM,operações; dispositivo VM,sda,C1,C2,aumento de RAM,7309.0,7428.333333333333,3,3,119.33333333333303,1.6326902905094136,
io,2,escritas_operacoes,operações; dispositivo VM,operações; dispositivo VM,sda,C3,C4,aumento de RAM,5272.666666666667,6195.666666666667,3,3,923.0,17.505373624984195,
io,2,escritas_operacoes,operações; dispositivo VM,operações; dispositivo VM,sda,C1,C3,mudança conjunta de vCPUs e workers,7309.0,5272.666666666667,3,3,-2036.333333333333,-27.86062844894422,
io,2,escritas_operacoes,operações; dispositivo VM,operações; dispositivo VM,sda,C2,C4,mudança conjunta de vCPUs e workers,7428.333333333333,6195.666666666667,3,3,-1232.666666666666,-16.594121606461737,
io,2,falhas,requisições,requisições,,C1,C2,aumento de RAM,0.0,0.0,3,3,0.0,,denominador zero
io,2,falhas,requisições,requisições,,C3,C4,aumento de RAM,0.0,0.0,3,3,0.0,,denominador zero
io,2,falhas,requisições,requisições,,C1,C3,mudança conjunta de vCPUs e workers,0.0,0.0,3,3,0.0,,denominador zero
io,2,falhas,requisições,requisições,,C2,C4,mudança conjunta de vCPUs e workers,0.0,0.0,3,3,0.0,,denominador zero
io,2,latencia_media_ms,ms,ms,,C1,C2,aumento de RAM,352.7573340942885,346.92337676370136,3,3,-5.833957330587168,-1.6538160278271663,
io,2,latencia_media_ms,ms,ms,,C3,C4,aumento de RAM,376.3654788072165,360.3033298982886,3,3,-16.062148908927895,-4.267699832575589,
io,2,latencia_media_ms,ms,ms,,C1,C3,mudança conjunta de vCPUs e workers,352.7573340942885,376.3654788072165,3,3,23.60814471292798,6.692460349135579,
io,2,latencia_media_ms,ms,ms,,C2,C4,mudança conjunta de vCPUs e workers,346.92337676370136,360.3033298982886,3,3,13.379953134587254,3.856745907238385,
io,2,p95_ms,ms,ms,,C1,C2,aumento de RAM,438.9381666648357,438.2642999989912,3,3,-0.673866665844514,-0.1535220031023333,
io,2,p95_ms,ms,ms,,C3,C4,aumento de RAM,511.2057333268846,462.9602000010588,3,3,-48.24553332582582,-9.4375962906065,
io,2,p95_ms,ms,ms,,C1,C3,mudança conjunta de vCPUs e workers,438.9381666648357,511.2057333268846,3,3,72.26756666204892,16.464179274077793,
io,2,p95_ms,ms,ms,,C2,C4,mudança conjunta de vCPUs e workers,438.2642999989912,462.9602000010588,3,3,24.695900002067617,5.634933076256602,
io,2,pss_arvore_mib,MiB; soma PSS,MiB; soma PSS,,C1,C2,aumento de RAM,33.50434401939655,33.43538972701149,3,3,-0.06895429238505812,-0.2058070211586255,
io,2,pss_arvore_mib,MiB; soma PSS,MiB; soma PSS,,C3,C4,aumento de RAM,83.08227819683908,82.9552352729885,3,3,-0.12704292385058125,-0.15291218128322182,
io,2,pss_arvore_mib,MiB; soma PSS,MiB; soma PSS,,C1,C3,mudança conjunta de vCPUs e workers,33.50434401939655,83.08227819683908,3,3,49.577934177442536,147.97464516464063,
io,2,pss_arvore_mib,MiB; soma PSS,MiB; soma PSS,,C2,C4,mudança conjunta de vCPUs e workers,33.43538972701149,82.9552352729885,3,3,49.51984554597701,148.10608146125887,
io,2,ram_disponivel_mib,MiB,MiB,,C1,C2,aumento de RAM,552.1505477729885,1550.3756510416667,3,3,998.2251032686783,180.78857429280123,
io,2,ram_disponivel_mib,MiB,MiB,,C3,C4,aumento de RAM,394.5578978089081,1362.058705998563,3,3,967.5008081896549,245.21136531861646,
io,2,ram_disponivel_mib,MiB,MiB,,C1,C3,mudança conjunta de vCPUs e workers,552.1505477729885,394.5578978089081,3,3,-157.5926499640804,-28.5416089143994,
io,2,ram_disponivel_mib,MiB,MiB,,C2,C4,mudança conjunta de vCPUs e workers,1550.3756510416667,1362.058705998563,3,3,-188.31694504310371,-12.146536545293218,
io,2,ram_vm_mib,MiB,MiB,,C1,C2,aumento de RAM,419.13460847701145,427.4095052083333,3,3,8.27489673132186,1.974281427484583,
io,2,ram_vm_mib,MiB,MiB,,C3,C4,aumento de RAM,576.485070941092,615.4842627514367,3,3,38.99919181034477,6.764995968877378,
io,2,ram_vm_mib,MiB,MiB,,C1,C3,mudança conjunta de vCPUs e workers,419.13460847701145,576.485070941092,3,3,157.35046246408052,37.54174894691638,
io,2,ram_vm_mib,MiB,MiB,,C2,C4,mudança conjunta de vCPUs e workers,427.4095052083333,615.4842627514367,3,3,188.07475754310343,44.00341013741135,
io,2,rss_arvore_mib,MiB; soma RSS,MiB; soma RSS,,C1,C2,aumento de RAM,43.678385416666664,43.694010416666664,3,3,0.015625,0.03577284245043971,
io,2,rss_arvore_mib,MiB; soma RSS,MiB; soma RSS,,C3,C4,aumento de RAM,120.79629130747126,121.95572916666667,3,3,1.1594378591954069,0.9598290201180171,
io,2,rss_arvore_mib,MiB; soma RSS,MiB; soma RSS,,C1,C3,mudança conjunta de vCPUs e workers,43.678385416666664,120.79629130747126,3,3,77.1179058908046,176.5585086425337,
io,2,rss_arvore_mib,MiB; soma RSS,MiB; soma RSS,,C2,C4,mudança conjunta de vCPUs e workers,43.694010416666664,121.95572916666667,3,3,78.26171875,179.11315075841108,
io,2,rss_pico_mib,MiB; pico amostrado da soma RSS,MiB; pico amostrado da soma RSS,,C1,C2,aumento de RAM,43.678385416666664,43.694010416666664,3,3,0.015625,0.03577284245043971,
io,2,rss_pico_mib,MiB; pico amostrado da soma RSS,MiB; pico amostrado da soma RSS,,C3,C4,aumento de RAM,120.87630208333333,121.95572916666667,3,3,1.0794270833333428,0.8930014111361341,
io,2,rss_pico_mib,MiB; pico amostrado da soma RSS,MiB; pico amostrado da soma RSS,,C1,C3,mudança conjunta de vCPUs e workers,43.678385416666664,120.87630208333333,3,3,77.19791666666666,176.74169026680576,
io,2,rss_pico_mib,MiB; pico amostrado da soma RSS,MiB; pico amostrado da soma RSS,,C2,C4,mudança conjunta de vCPUs e workers,43.694010416666664,121.95572916666667,3,3,78.26171875,179.11315075841108,
io,2,uss_arvore_mib,MiB; soma USS,MiB; soma USS,,C1,C2,aumento de RAM,30.70649245689655,30.616379310344826,3,3,-0.09011314655172598,-0.29346610225254477,
io,2,uss_arvore_mib,MiB; soma USS,MiB; soma USS,,C3,C4,aumento de RAM,79.41235632183908,79.54573006465517,3,3,0.13337374281609016,0.16795086935282288,
io,2,uss_arvore_mib,MiB; soma USS,MiB; soma USS,,C1,C3,mudança conjunta de vCPUs e workers,30.70649245689655,79.41235632183908,3,3,48.70586386494253,158.61747782919892,
io,2,uss_arvore_mib,MiB; soma USS,MiB; soma USS,,C2,C4,mudança conjunta de vCPUs e workers,30.616379310344826,79.54573006465517,3,3,48.92935075431035,159.81429501619036,
io,2,vazao_rps,req/s,req/s,,C1,C2,aumento de RAM,5.634833028577276,5.732093576406515,3,3,0.09726054782923921,1.7260590923631371,
io,2,vazao_rps,req/s,req/s,,C3,C4,aumento de RAM,5.271132513361107,5.517362800245155,3,3,0.2462302868840478,4.671297605588755,
io,2,vazao_rps,req/s,req/s,,C1,C3,mudança conjunta de vCPUs e workers,5.634833028577276,5.271132513361107,3,3,-0.363700515216169,-6.454503857907547,
io,2,vazao_rps,req/s,req/s,,C2,C4,mudança conjunta de vCPUs e workers,5.732093576406515,5.517362800245155,3,3,-0.21473077616136038,-3.7461142826627825,
memoria,1,cpu_arvore_pct,% capacidade VM,pontos percentuais da capacidade VM,,C1,C2,aumento de RAM,2.569014884157293,2.4857509614657656,3,3,-0.08326392269152727,-3.2410837011884466,
memoria,1,cpu_arvore_pct,% capacidade VM,pontos percentuais da capacidade VM,,C3,C4,aumento de RAM,1.3574629382735581,1.2506549249037582,3,3,-0.10680801336979995,-7.86820843194732,
memoria,1,cpu_arvore_pct,% capacidade VM,pontos percentuais da capacidade VM,,C1,C3,mudança conjunta de vCPUs e workers,2.569014884157293,1.3574629382735581,3,3,-1.2115519458837347,-47.160176196532895,
memoria,1,cpu_arvore_pct,% capacidade VM,pontos percentuais da capacidade VM,,C2,C4,mudança conjunta de vCPUs e workers,2.4857509614657656,1.2506549249037582,3,3,-1.2350960365620074,-49.68703847282078,
memoria,1,cpu_global_pct,% capacidade VM; diagnóstico,pontos percentuais da capacidade VM,,C1,C2,aumento de RAM,1.6201149425287358,1.76524449639587,3,3,0.14512955386713422,8.957978848131022,
memoria,1,cpu_global_pct,% capacidade VM; diagnóstico,pontos percentuais da capacidade VM,,C3,C4,aumento de RAM,1.2572277420611728,1.2217124488603155,3,3,-0.035515293200857334,-2.8248893985294563,
memoria,1,cpu_global_pct,% capacidade VM; diagnóstico,pontos percentuais da capacidade VM,,C1,C3,mudança conjunta de vCPUs e workers,1.6201149425287358,1.2572277420611728,3,3,-0.36288720046756295,-22.39885522573819,
memoria,1,cpu_global_pct,% capacidade VM; diagnóstico,pontos percentuais da capacidade VM,,C2,C4,mudança conjunta de vCPUs e workers,1.76524449639587,1.2217124488603155,3,3,-0.5435320475355545,-30.790751572674107,
memoria,1,falhas,requisições,requisições,,C1,C2,aumento de RAM,0.0,0.0,3,3,0.0,,denominador zero
memoria,1,falhas,requisições,requisições,,C3,C4,aumento de RAM,0.0,0.0,3,3,0.0,,denominador zero
memoria,1,falhas,requisições,requisições,,C1,C3,mudança conjunta de vCPUs e workers,0.0,0.0,3,3,0.0,,denominador zero
memoria,1,falhas,requisições,requisições,,C2,C4,mudança conjunta de vCPUs e workers,0.0,0.0,3,3,0.0,,denominador zero
memoria,1,latencia_media_ms,ms,ms,,C1,C2,aumento de RAM,1033.406835151847,1026.511442688755,3,3,-6.895392463091866,-0.6672485828951062,
memoria,1,latencia_media_ms,ms,ms,,C3,C4,aumento de RAM,1042.7632392853584,1041.7478089810436,3,3,-1.0154303043148047,-0.09737879760804707,
memoria,1,latencia_media_ms,ms,ms,,C1,C3,mudança conjunta de vCPUs e workers,1033.406835151847,1042.7632392853584,3,3,9.356404133511433,0.9053940631364819,
memoria,1,latencia_media_ms,ms,ms,,C2,C4,mudança conjunta de vCPUs e workers,1026.511442688755,1041.7478089810436,3,3,15.236366292288494,1.4842860643014049,
memoria,1,p95_ms,ms,ms,,C1,C2,aumento de RAM,1031.801133338983,1029.9121000086113,3,3,-1.8890333303716034,-0.1830811451290575,
memoria,1,p95_ms,ms,ms,,C3,C4,aumento de RAM,1102.014133328339,1116.629966670492,3,3,14.615833342152882,1.326283656454538,
memoria,1,p95_ms,ms,ms,,C1,C3,mudança conjunta de vCPUs e workers,1031.801133338983,1102.014133328339,3,3,70.21299998935615,6.804896575577681,
memoria,1,p95_ms,ms,ms,,C2,C4,mudança conjunta de vCPUs e workers,1029.9121000086113,1116.629966670492,3,3,86.71786666188063,8.419928910550285,
memoria,1,pss_arvore_mib,MiB; soma PSS,MiB; soma PSS,,C1,C2,aumento de RAM,81.61560479525862,82.52779084173486,3,3,0.9121860464762364,1.1176613207297201,
memoria,1,pss_arvore_mib,MiB; soma PSS,MiB; soma PSS,,C3,C4,aumento de RAM,130.48080968122932,131.85410141029857,3,3,1.3732917290692512,1.0524855972493325,
memoria,1,pss_arvore_mib,MiB; soma PSS,MiB; soma PSS,,C1,C3,mudança conjunta de vCPUs e workers,81.61560479525862,130.48080968122932,3,3,48.8652048859707,59.87237980843766,
memoria,1,pss_arvore_mib,MiB; soma PSS,MiB; soma PSS,,C2,C4,mudança conjunta de vCPUs e workers,82.52779084173486,131.85410141029857,3,3,49.32631056856371,59.76933353657525,
memoria,1,ram_disponivel_mib,MiB,MiB,,C1,C2,aumento de RAM,508.02500897988506,1506.653693396284,3,3,998.628684416399,196.57077245501097,
memoria,1,ram_disponivel_mib,MiB,MiB,,C3,C4,aumento de RAM,345.41160482722097,1324.9611247077733,3,3,979.5495198805522,283.5890590214925,
memoria,1,ram_disponivel_mib,MiB,MiB,,C1,C3,mudança conjunta de vCPUs e workers,508.02500897988506,345.41160482722097,3,3,-162.6134041526641,-32.00893681970343,
memoria,1,ram_disponivel_mib,MiB,MiB,,C2,C4,mudança conjunta de vCPUs e workers,1506.653693396284,1324.9611247077733,3,3,-181.69256868851085,-12.059345122563714,
memoria,1,ram_vm_mib,MiB,MiB,,C1,C2,aumento de RAM,463.26014727011494,471.13146285371613,3,3,7.871315583601188,1.699113474358853,
memoria,1,ram_vm_mib,MiB,MiB,,C3,C4,aumento de RAM,625.6313639227791,652.5818440422267,3,3,26.95048011944766,4.307725231431032,
memoria,1,ram_vm_mib,MiB,MiB,,C1,C3,mudança conjunta de vCPUs e workers,463.26014727011494,625.6313639227791,3,3,162.37121665266415,35.04968377044307,
memoria,1,ram_vm_mib,MiB,MiB,,C2,C4,mudança conjunta de vCPUs e workers,471.13146285371613,652.5818440422267,3,3,181.45038118851062,38.51374732849248,
memoria,1,rss_arvore_mib,MiB; soma RSS,MiB; soma RSS,,C1,C2,aumento de RAM,91.80836925287356,92.81809073945549,3,3,1.009721486581924,1.0998142051742412,
memoria,1,rss_arvore_mib,MiB; soma RSS,MiB; soma RSS,,C3,C4,aumento de RAM,168.05583624038084,169.98267186586793,3,3,1.9268356254870866,1.1465449035230244,
memoria,1,rss_arvore_mib,MiB; soma RSS,MiB; soma RSS,,C1,C3,mudança conjunta de vCPUs e workers,91.80836925287356,168.05583624038084,3,3,76.24746698750728,83.05067131460977,
memoria,1,rss_arvore_mib,MiB; soma RSS,MiB; soma RSS,,C2,C4,mudança conjunta de vCPUs e workers,92.81809073945549,169.98267186586793,3,3,77.16458112641244,83.13528161553857,
memoria,1,rss_pico_mib,MiB; pico amostrado da soma RSS,MiB; pico amostrado da soma RSS,,C1,C2,aumento de RAM,92.95833333333333,93.17578125,3,3,0.2174479166666714,0.2339197669206685,
memoria,1,rss_pico_mib,MiB; pico amostrado da soma RSS,MiB; pico amostrado da soma RSS,,C3,C4,aumento de RAM,169.57421875,170.7734375,3,3,1.19921875,0.7071940291631154,
memoria,1,rss_pico_mib,MiB; pico amostrado da soma RSS,MiB; pico amostrado da soma RSS,,C1,C3,mudança conjunta de vCPUs e workers,92.95833333333333,169.57421875,3,3,76.61588541666667,82.41959883460332,
memoria,1,rss_pico_mib,MiB; pico amostrado da soma RSS,MiB; pico amostrado da soma RSS,,C2,C4,mudança conjunta de vCPUs e workers,93.17578125,170.7734375,3,3,77.59765625,83.2809290236029,
memoria,1,uss_arvore_mib,MiB; soma USS,MiB; soma USS,,C1,C2,aumento de RAM,78.91215427442529,79.69055125840153,3,3,0.7783969839762364,0.9864094969062425,
memoria,1,uss_arvore_mib,MiB; soma USS,MiB; soma USS,,C3,C4,aumento de RAM,126.73601801456262,128.52109359779857,3,3,1.785075583235951,1.4084990290848785,
memoria,1,uss_arvore_mib,MiB; soma USS,MiB; soma USS,,C1,C3,mudança conjunta de vCPUs e workers,78.91215427442529,126.73601801456262,3,3,47.82386374013733,60.603926201057476,
memoria,1,uss_arvore_mib,MiB; soma USS,MiB; soma USS,,C2,C4,mudança conjunta de vCPUs e workers,79.69055125840153,128.52109359779857,3,3,48.83054233939704,61.275197082099474,
memoria,1,vazao_rps,req/s,req/s,,C1,C2,aumento de RAM,0.957508226561429,0.9626865924870941,3,3,0.005178365925665118,0.5408168600557606,
memoria,1,vazao_rps,req/s,req/s,,C3,C4,aumento de RAM,0.9478053038952412,0.9509609709847956,3,3,0.0031556670895543926,0.3329446539901597,
memoria,1,vazao_rps,req/s,req/s,,C1,C3,mudança conjunta de vCPUs e workers,0.957508226561429,0.9478053038952412,3,3,-0.009702922666187774,-1.0133513631556548,
memoria,1,vazao_rps,req/s,req/s,,C2,C4,mudança conjunta de vCPUs e workers,0.9626865924870941,0.9509609709847956,3,3,-0.0117256215022985,-1.2180102635485386,
memoria,2,cpu_arvore_pct,% capacidade VM,pontos percentuais da capacidade VM,,C1,C2,aumento de RAM,5.115064751644517,4.791191577012669,3,3,-0.3238731746318475,-6.331751216398987,
memoria,2,cpu_arvore_pct,% capacidade VM,pontos percentuais da capacidade VM,,C3,C4,aumento de RAM,2.4540514844174166,2.4906837211710138,3,3,0.03663223675359717,1.4927248668661708,
memoria,2,cpu_arvore_pct,% capacidade VM,pontos percentuais da capacidade VM,,C1,C3,mudança conjunta de vCPUs e workers,5.115064751644517,2.4540514844174166,3,3,-2.6610132672271,-52.02306122071225,
memoria,2,cpu_arvore_pct,% capacidade VM,pontos percentuais da capacidade VM,,C2,C4,mudança conjunta de vCPUs e workers,4.791191577012669,2.4906837211710138,3,3,-2.3005078558416554,-48.01535941244982,
memoria,2,cpu_global_pct,% capacidade VM; diagnóstico,pontos percentuais da capacidade VM,,C1,C2,aumento de RAM,3.3281609195402297,3.2474576271186444,3,3,-0.08070329242158536,-2.424861488750795,
memoria,2,cpu_global_pct,% capacidade VM; diagnóstico,pontos percentuais da capacidade VM,,C3,C4,aumento de RAM,2.182758620689655,2.3275862068965516,3,3,0.14482758620689662,6.635071090047397,
memoria,2,cpu_global_pct,% capacidade VM; diagnóstico,pontos percentuais da capacidade VM,,C1,C3,mudança conjunta de vCPUs e workers,3.3281609195402297,2.182758620689655,3,3,-1.1454022988505748,-34.41547228457952,
memoria,2,cpu_global_pct,% capacidade VM; diagnóstico,pontos percentuais da capacidade VM,,C2,C4,mudança conjunta de vCPUs e workers,3.2474576271186444,2.3275862068965516,3,3,-0.9198714202220928,-28.32589446404148,
memoria,2,falhas,requisições,requisições,,C1,C2,aumento de RAM,0.0,0.0,3,3,0.0,,denominador zero
memoria,2,falhas,requisições,requisições,,C3,C4,aumento de RAM,0.0,0.0,3,3,0.0,,denominador zero
memoria,2,falhas,requisições,requisições,,C1,C3,mudança conjunta de vCPUs e workers,0.0,0.0,3,3,0.0,,denominador zero
memoria,2,falhas,requisições,requisições,,C2,C4,mudança conjunta de vCPUs e workers,0.0,0.0,3,3,0.0,,denominador zero
memoria,2,latencia_media_ms,ms,ms,,C1,C2,aumento de RAM,1030.7638815778434,1028.3181426891947,3,3,-2.445738888648748,-0.23727440710329598,
memoria,2,latencia_media_ms,ms,ms,,C3,C4,aumento de RAM,1035.8340441844477,1039.6988714491558,3,3,3.864827264708083,0.3731125933161437,
memoria,2,latencia_media_ms,ms,ms,,C1,C3,mudança conjunta de vCPUs e workers,1030.7638815778434,1035.8340441844477,3,3,5.070162606604299,0.4918839995482903,
memoria,2,latencia_media_ms,ms,ms,,C2,C4,mudança conjunta de vCPUs e workers,1028.3181426891947,1039.6988714491558,3,3,11.38072875996113,1.10673227355485,
memoria,2,p95_ms,ms,ms,,C1,C2,aumento de RAM,1046.242733321075,1037.8586333439064,3,3,-8.384099977168717,-0.801353233828939,
memoria,2,p95_ms,ms,ms,,C3,C4,aumento de RAM,1077.8714666763942,1091.0646666695054,3,3,13.193199993111193,1.2240049394564914,
memoria,2,p95_ms,ms,ms,,C1,C3,mudança conjunta de vCPUs e workers,1046.242733321075,1077.8714666763942,3,3,31.628733355319127,3.0230779481660477,
memoria,2,p95_ms,ms,ms,,C2,C4,mudança conjunta de vCPUs e workers,1037.8586333439064,1091.0646666695054,3,3,53.20603332559904,5.126520280914656,
memoria,2,pss_arvore_mib,MiB; soma PSS,MiB; soma PSS,,C1,C2,aumento de RAM,131.87156519396552,130.68867518538136,3,3,-1.1828900085841667,-0.8970015687948292,
memoria,2,pss_arvore_mib,MiB; soma PSS,MiB; soma PSS,,C3,C4,aumento de RAM,180.75515220905172,180.48961700790232,3,3,-0.26553520114939033,-0.14690325443243055,
memoria,2,pss_arvore_mib,MiB; soma PSS,MiB; soma PSS,,C1,C3,mudança conjunta de vCPUs e workers,131.87156519396552,180.75515220905172,3,3,48.88358701508619,37.06908835364541,
memoria,2,pss_arvore_mib,MiB; soma PSS,MiB; soma PSS,,C2,C4,mudança conjunta de vCPUs e workers,130.68867518538136,180.48961700790232,3,3,49.80094182252097,38.10654729790362,
memoria,2,ram_disponivel_mib,MiB,MiB,,C1,C2,aumento de RAM,458.467425466954,1457.4571195268363,3,3,998.9896940598824,217.89763864736966,
memoria,2,ram_disponivel_mib,MiB,MiB,,C3,C4,aumento de RAM,301.80506914511494,1274.167901400862,3,3,972.3628322557472,322.18240568656995,
memoria,2,ram_disponivel_mib,MiB,MiB,,C1,C3,mudança conjunta de vCPUs e workers,458.467425466954,301.80506914511494,3,3,-156.66235632183907,-34.17088055106135,
memoria,2,ram_disponivel_mib,MiB,MiB,,C2,C4,mudança conjunta de vCPUs e workers,1457.4571195268363,1274.167901400862,3,3,-183.28921812597423,-12.575959571659926,
memoria,2,ram_vm_mib,MiB,MiB,,C1,C2,aumento de RAM,512.8177307830459,520.3280367231638,3,3,7.51030594011786,1.464517603291527,
memoria,2,ram_vm_mib,MiB,MiB,,C3,C4,aumento de RAM,669.2378996048851,703.375067349138,3,3,34.137167744252906,5.100901751739901,
memoria,2,ram_vm_mib,MiB,MiB,,C1,C3,mudança conjunta de vCPUs e workers,512.8177307830459,669.2378996048851,3,3,156.42016882183918,30.502098393320708,
memoria,2,ram_vm_mib,MiB,MiB,,C2,C4,mudança conjunta de vCPUs e workers,520.3280367231638,703.375067349138,3,3,183.04703062597423,35.179159627595254,
memoria,2,rss_arvore_mib,MiB; soma RSS,MiB; soma RSS,,C1,C2,aumento de RAM,141.8958108836207,140.98477224576274,3,3,-0.9110386378579562,-0.6420475926559712,
memoria,2,rss_arvore_mib,MiB; soma RSS,MiB; soma RSS,,C3,C4,aumento de RAM,218.4459186422414,218.6427352729885,3,3,0.19681663074709377,0.09009856168081086,
memoria,2,rss_arvore_mib,MiB; soma RSS,MiB; soma RSS,,C1,C3,mudança conjunta de vCPUs e workers,141.8958108836207,218.4459186422414,3,3,76.5501077586207,53.948109730600244,
memoria,2,rss_arvore_mib,MiB; soma RSS,MiB; soma RSS,,C2,C4,mudança conjunta de vCPUs e workers,140.98477224576274,218.6427352729885,3,3,77.65796302722575,55.082518338827,
memoria,2,rss_pico_mib,MiB; pico amostrado da soma RSS,MiB; pico amostrado da soma RSS,,C1,C2,aumento de RAM,142.91666666666666,143.29036458333334,3,3,0.3736979166666856,0.26147959183674796,
memoria,2,rss_pico_mib,MiB; pico amostrado da soma RSS,MiB; pico amostrado da soma RSS,,C3,C4,aumento de RAM,220.02864583333334,220.52734375,3,3,0.4986979166666572,0.22665135931637256,
memoria,2,rss_pico_mib,MiB; pico amostrado da soma RSS,MiB; pico amostrado da soma RSS,,C1,C3,mudança conjunta de vCPUs e workers,142.91666666666666,220.02864583333334,3,3,77.11197916666669,53.955903790087476,
memoria,2,rss_pico_mib,MiB; pico amostrado da soma RSS,MiB; pico amostrado da soma RSS,,C2,C4,mudança conjunta de vCPUs e workers,143.29036458333334,220.52734375,3,3,77.23697916666666,53.90242350995482,
memoria,2,uss_arvore_mib,MiB; soma USS,MiB; soma USS,,C1,C2,aumento de RAM,129.16453394396552,127.82702153954801,3,3,-1.3375124044175095,-1.0355105721186224,
memoria,2,uss_arvore_mib,MiB; soma USS,MiB; soma USS,,C3,C4,aumento de RAM,176.99966325431035,177.15465607040232,3,3,0.15499281609197624,0.087566729361109,
memoria,2,uss_arvore_mib,MiB; soma USS,MiB; soma USS,,C1,C3,mudança conjunta de vCPUs e workers,129.16453394396552,176.99966325431035,3,3,47.835129310344826,37.034259985869475,
memoria,2,uss_arvore_mib,MiB; soma USS,MiB; soma USS,,C2,C4,mudança conjunta de vCPUs e workers,127.82702153954801,177.15465607040232,3,3,49.32763453085431,38.58936392067383,
memoria,2,vazao_rps,req/s,req/s,,C1,C2,aumento de RAM,1.92592444122638,1.9247717946980334,3,3,-0.0011526465283466791,-0.059849000494157645,
memoria,2,vazao_rps,req/s,req/s,,C3,C4,aumento de RAM,1.9028846534479118,1.9023396562095074,3,3,-0.0005449972384043988,-0.028640581940523657,
memoria,2,vazao_rps,req/s,req/s,,C1,C3,mudança conjunta de vCPUs e workers,1.92592444122638,1.9028846534479118,3,3,-0.023039787778468268,-1.19629759534061,
memoria,2,vazao_rps,req/s,req/s,,C2,C4,mudança conjunta de vCPUs e workers,1.9247717946980334,1.9023396562095074,3,3,-0.022432138488525988,-1.1654440568132516,
memoria,3,cpu_arvore_pct,% capacidade VM,pontos percentuais da capacidade VM,,C1,C2,aumento de RAM,7.2455073444768905,7.444492872788728,3,3,0.19898552831183736,2.7463298131016343,
memoria,3,cpu_arvore_pct,% capacidade VM,pontos percentuais da capacidade VM,,C3,C4,aumento de RAM,3.712456744026206,3.5966450240984966,3,3,-0.11581171992770933,-3.1195439546619492,
memoria,3,cpu_arvore_pct,% capacidade VM,pontos percentuais da capacidade VM,,C1,C3,mudança conjunta de vCPUs e workers,7.2455073444768905,3.712456744026206,3,3,-3.5330506004506845,-48.7619490599766,
memoria,3,cpu_arvore_pct,% capacidade VM,pontos percentuais da capacidade VM,,C2,C4,mudança conjunta de vCPUs e workers,7.444492872788728,3.5966450240984966,3,3,-3.847847848690231,-51.68717217468188,
memoria,3,cpu_global_pct,% capacidade VM; diagnóstico,pontos percentuais da capacidade VM,,C1,C2,aumento de RAM,4.831958128078818,5.106146503019677,3,3,0.27418837494085935,5.674477461787865,
memoria,3,cpu_global_pct,% capacidade VM; diagnóstico,pontos percentuais da capacidade VM,,C3,C4,aumento de RAM,3.1017241379310345,3.011903370348724,3,3,-0.08982076758231061,-2.8958335296131272,
memoria,3,cpu_global_pct,% capacidade VM; diagnóstico,pontos percentuais da capacidade VM,,C1,C3,mudança conjunta de vCPUs e workers,4.831958128078818,3.1017241379310345,3,3,-1.7302339901477835,-35.80813294083165,
memoria,3,cpu_global_pct,% capacidade VM; diagnóstico,pontos percentuais da capacidade VM,,C2,C4,mudança conjunta de vCPUs e workers,5.106146503019677,3.011903370348724,3,3,-2.0942431326709534,-41.0141607067572,
memoria,3,falhas,requisições,requisições,,C1,C2,aumento de RAM,0.0,0.0,3,3,0.0,,denominador zero
memoria,3,falhas,requisições,requisições,,C3,C4,aumento de RAM,0.0,0.0,3,3,0.0,,denominador zero
memoria,3,falhas,requisições,requisições,,C1,C3,mudança conjunta de vCPUs e workers,0.0,0.0,3,3,0.0,,denominador zero
memoria,3,falhas,requisições,requisições,,C2,C4,mudança conjunta de vCPUs e workers,0.0,0.0,3,3,0.0,,denominador zero
memoria,3,latencia_media_ms,ms,ms,,C1,C2,aumento de RAM,1028.9361910930168,1030.350864911293,3,3,1.414673818276242,0.13748897458582582,
memoria,3,latencia_media_ms,ms,ms,,C3,C4,aumento de RAM,1038.7597603170518,1041.2657537698767,3,3,2.505993452824896,0.2412486070946773,
memoria,3,latencia_media_ms,ms,ms,,C1,C3,mudança conjunta de vCPUs e workers,1028.9361910930168,1038.7597603170518,3,3,9.823569224035055,0.9547306537638344,
memoria,3,latencia_media_ms,ms,ms,,C2,C4,mudança conjunta de vCPUs e workers,1030.350864911293,1041.2657537698767,3,3,10.914888858583708,1.0593370889753575,
memoria,3,p95_ms,ms,ms,,C1,C2,aumento de RAM,1041.1958333182458,1056.0553999966942,3,3,14.859566678448346,1.4271634790442402,
memoria,3,p95_ms,ms,ms,,C3,C4,aumento de RAM,1082.3376333282795,1100.5600666734001,3,3,18.222433345120635,1.6836181967622357,
memoria,3,p95_ms,ms,ms,,C1,C3,mudança conjunta de vCPUs e workers,1041.1958333182458,1082.3376333282795,3,3,41.14180001003365,3.9513988332931107,
memoria,3,p95_ms,ms,ms,,C2,C4,mudança conjunta de vCPUs e workers,1056.0553999966942,1100.5600666734001,3,3,44.50466667670594,4.214235983911947,
memoria,3,pss_arvore_mib,MiB; soma PSS,MiB; soma PSS,,C1,C2,aumento de RAM,181.36321390086206,181.84774110230373,3,3,0.48452720144166506,0.2671584777420853,
memoria,3,pss_arvore_mib,MiB; soma PSS,MiB; soma PSS,,C3,C4,aumento de RAM,223.9234689295977,230.98315567620057,3,3,7.059686746602864,3.1527230175334835,
memoria,3,pss_arvore_mib,MiB; soma PSS,MiB; soma PSS,,C1,C3,mudança conjunta de vCPUs e workers,181.36321390086206,223.9234689295977,3,3,42.56025502873564,23.466861946987883,
memoria,3,pss_arvore_mib,MiB; soma PSS,MiB; soma PSS,,C2,C4,mudança conjunta de vCPUs e workers,181.84774110230373,230.98315567620057,3,3,49.13541457389684,27.02008519657898,
memoria,3,ram_disponivel_mib,MiB,MiB,,C1,C2,aumento de RAM,407.7256701239224,1406.676812795271,3,3,998.9511426713486,245.00570257637486,
memoria,3,ram_disponivel_mib,MiB,MiB,,C3,C4,aumento de RAM,261.0518588362069,1226.9677176937219,3,3,965.9158588575149,370.00918636000375,
memoria,3,ram_disponivel_mib,MiB,MiB,,C1,C3,mudança conjunta de vCPUs e workers,407.7256701239224,261.0518588362069,3,3,-146.67381128771547,-35.9736514120232,
memoria,3,ram_disponivel_mib,MiB,MiB,,C2,C4,mudança conjunta de vCPUs e workers,1406.676812795271,1226.9677176937219,3,3,-179.7090951015491,-12.775435940003948,
memoria,3,ram_vm_mib,MiB,MiB,,C1,C2,aumento de RAM,563.5594861260776,571.1083434547292,3,3,7.548857328651593,1.3394960983697806,
memoria,3,ram_vm_mib,MiB,MiB,,C3,C4,aumento de RAM,709.9911099137931,750.5752510562779,3,3,40.58414114248478,5.71614779055649,
memoria,3,ram_vm_mib,MiB,MiB,,C1,C3,mudança conjunta de vCPUs e workers,563.5594861260776,709.9911099137931,3,3,146.43162378771558,25.983348234325774,
memoria,3,ram_vm_mib,MiB,MiB,,C2,C4,mudança conjunta de vCPUs e workers,571.1083434547292,750.5752510562779,3,3,179.46690760154877,31.424318985767858,
memoria,3,rss_arvore_mib,MiB; soma RSS,MiB; soma RSS,,C1,C2,aumento de RAM,191.2152638803366,191.79791986289695,3,3,0.5826559825603397,0.30471206677567775,
memoria,3,rss_arvore_mib,MiB; soma RSS,MiB; soma RSS,,C3,C4,aumento de RAM,261.26210039511494,268.4472880747126,3,3,7.185187679597675,2.750183692441915,
memoria,3,rss_arvore_mib,MiB; soma RSS,MiB; soma RSS,,C1,C3,mudança conjunta de vCPUs e workers,191.2152638803366,261.26210039511494,3,3,70.04683651477833,36.63245030407926,
memoria,3,rss_arvore_mib,MiB; soma RSS,MiB; soma RSS,,C2,C4,mudança conjunta de vCPUs e workers,191.79791986289695,268.4472880747126,3,3,76.64936821181567,39.96360766926304,
memoria,3,rss_pico_mib,MiB; pico amostrado da soma RSS,MiB; pico amostrado da soma RSS,,C1,C2,aumento de RAM,192.8984375,193.11328125,3,3,0.21484375,0.11137661496091694,
memoria,3,rss_pico_mib,MiB; pico amostrado da soma RSS,MiB; pico amostrado da soma RSS,,C3,C4,aumento de RAM,264.8776041666667,270.28515625,3,3,5.407552083333314,2.041528614827989,
memoria,3,rss_pico_mib,MiB; pico amostrado da soma RSS,MiB; pico amostrado da soma RSS,,C1,C3,mudança conjunta de vCPUs e workers,192.8984375,264.8776041666667,3,3,71.97916666666669,37.31454106084539,
memoria,3,rss_pico_mib,MiB; pico amostrado da soma RSS,MiB; pico amostrado da soma RSS,,C2,C4,mudança conjunta de vCPUs e workers,193.11328125,270.28515625,3,3,77.171875,39.9619718024961,
memoria,3,uss_arvore_mib,MiB; soma USS,MiB; soma USS,,C1,C2,aumento de RAM,178.65260192169538,178.98641297730373,3,3,0.33381105560835067,0.18684925493257706,
memoria,3,uss_arvore_mib,MiB; soma USS,MiB; soma USS,,C3,C4,aumento de RAM,220.1637033045977,227.64689265536722,3,3,7.483189350769521,3.398920547959937,
memoria,3,uss_arvore_mib,MiB; soma USS,MiB; soma USS,,C1,C3,mudança conjunta de vCPUs e workers,178.65260192169538,220.1637033045977,3,3,41.511101382902325,23.235654525253942,
memoria,3,uss_arvore_mib,MiB; soma USS,MiB; soma USS,,C2,C4,mudança conjunta de vCPUs e workers,178.98641297730373,227.64689265536722,3,3,48.660479678063496,27.18668912831605,
memoria,3,vazao_rps,req/s,req/s,,C1,C2,aumento de RAM,2.9081313985823365,2.887116181313967,3,3,-0.0210152172683693,-0.7226364420333227,
memoria,3,vazao_rps,req/s,req/s,,C3,C4,aumento de RAM,2.8528838830448975,2.835869308505595,3,3,-0.01701457453930244,-0.5963991258257135,
memoria,3,vazao_rps,req/s,req/s,,C1,C3,mudança conjunta de vCPUs e workers,2.9081313985823365,2.8528838830448975,3,3,-0.05524751553743901,-1.8997599477235179,
memoria,3,vazao_rps,req/s,req/s,,C2,C4,mudança conjunta de vCPUs e workers,2.887116181313967,2.835869308505595,3,3,-0.051246872808372146,-1.7750194169549829,
