amostra,utc,tempo_relativo_s,pid,criado_epoch_s,papel,cpu_intervalo_real_s,cpu_uma_cpu_pct,cpu_capacidade_vm_pct,rss_bytes,vms_bytes,uss_bytes,pss_bytes,erro
1,2026-10-09T15:59:11.720254+00:00,1.0013663310000993,1150,1791553592.85,principal,,,,45051904,131833856,31375360,34192384,
2,2026-10-09T15:59:12.719898+00:00,2.0011262850002822,1150,1791553592.85,principal,0.9996516060000431,0.0,0.0,45051904,131833856,31375360,34192384,
3,2026-10-09T15:59:13.718808+00:00,3.0003626710004028,1150,1791553592.85,principal,0.998890637999466,0.0,0.0,45051904,131833856,31375360,34192384,
4,2026-10-09T15:59:14.719800+00:00,4.0014807890001975,1150,1791553592.85,principal,1.00099320299978,0.0,0.0,45051904,131833856,31375360,34192384,
5,2026-10-09T15:59:15.718530+00:00,5.000094906999948,1150,1791553592.85,principal,0.9987323700006527,0.0,0.0,45051904,131833856,31375360,34192384,
6,2026-10-09T15:59:16.719109+00:00,6.000611483999819,1150,1791553592.85,principal,1.0005858039994564,2.99824361689799,2.99824361689799,97497088,184262656,83804160,86621184,
7,2026-10-09T15:59:17.719030+00:00,7.000717982000424,1150,1791553592.85,principal,0.999907907999841,3.0002763014455662,3.0002763014455662,97255424,184262656,83820544,86656000,
8,2026-10-09T15:59:18.718820+00:00,8.000401121000323,1150,1791553592.85,principal,0.9997929880000811,2.0004141097256554,2.0004141097256554,97263616,184262656,83820544,86656000,
9,2026-10-09T15:59:19.719109+00:00,9.000667477000206,1150,1791553592.85,principal,1.0002907010002673,2.9991281504464937,2.9991281504464937,97263616,184262656,83824640,86660096,
10,2026-10-09T15:59:20.720194+00:00,10.001707929000077,1150,1791553592.85,principal,1.0010875340003622,1.9978272948900904,1.9978272948900904,97263616,184262656,83832832,86668288,
11,2026-10-09T15:59:21.718976+00:00,11.000559862000046,1150,1791553592.85,principal,0.9987756659993465,3.003677504495688,3.003677504495688,97263616,184262656,83832832,86668288,
12,2026-10-09T15:59:22.718568+00:00,12.000324866000483,1150,1791553592.85,principal,0.99958721800067,3.001238857376128,3.001238857376128,97263616,184262656,83832832,86668288,
13,2026-10-09T15:59:23.719461+00:00,13.001072445000318,1150,1791553592.85,principal,1.0009026919997268,1.998196244236401,1.998196244236401,97263616,184262656,83832832,86668288,
14,2026-10-09T15:59:24.718362+00:00,14.000103903000308,1150,1791553592.85,principal,0.998893500000122,3.0033231770952034,3.0033231770952034,97263616,184262656,83836928,86672384,
15,2026-10-09T15:59:25.718700+00:00,15.000439837000158,1150,1791553592.85,principal,1.0003401280000617,1.9993199752952768,1.9993199752952768,97263616,184262656,83836928,86672384,
16,2026-10-09T15:59:26.718775+00:00,16.000420029999987,1150,1791553592.85,principal,1.0000713370000085,2.9997860042657245,2.9997860042657245,97263616,184262656,83836928,86672384,
17,2026-10-09T15:59:27.719431+00:00,17.001055714999893,1150,1791553592.85,principal,1.0006594119995498,1.9986820450761493,1.9986820450761493,97263616,184262656,83841024,86676480,
18,2026-10-09T15:59:28.719296+00:00,18.00105024700042,1150,1791553592.85,principal,0.9998617589999412,3.0004147803397614,3.0004147803397614,97263616,184262656,83841024,86676480,
19,2026-10-09T15:59:29.718504+00:00,19.000124971999867,1150,1791553592.85,principal,0.9992119830003503,2.0015772769202833,2.0015772769202833,97263616,184262656,83841024,86676480,
20,2026-10-09T15:59:30.719352+00:00,20.00103284099987,1150,1791553592.85,principal,1.0008530429995517,2.99744305218789,2.99744305218789,97263616,184262656,83841024,86676480,
21,2026-10-09T15:59:31.718774+00:00,21.000511312000526,1150,1791553592.85,principal,0.9994134070002474,3.001760811879294,3.001760811879294,97263616,184262656,83845120,86680576,
22,2026-10-09T15:59:32.718529+00:00,22.000274630000604,1150,1791553592.85,principal,0.999755327999992,2.00048946375805,2.00048946375805,97263616,184262656,83845120,86680576,
23,2026-10-09T15:59:33.720180+00:00,23.001046912000675,1150,1791553592.85,principal,1.0016580470000918,2.99503409270735,2.99503409270735,97263616,184262656,83845120,86680576,
24,2026-10-09T15:59:34.718770+00:00,24.00050842300061,1150,1791553592.85,principal,0.99858289399981,2.0028382340790585,2.0028382340790585,97263616,184262656,83845120,86680576,
25,2026-10-09T15:59:35.719046+00:00,25.000794935000158,1150,1791553592.85,principal,1.000279030999991,2.999163140509526,2.999163140509526,97263616,184262656,83845120,86680576,
26,2026-10-09T15:59:36.719395+00:00,26.001072936000128,1150,1791553592.85,principal,1.0003434280006331,1.9993133798034701,1.9993133798034701,97263616,184262656,83849216,86684672,
27,2026-10-09T15:59:37.718336+00:00,27.00008719000016,1150,1791553592.85,principal,0.9989455850000013,3.0031665838934885,3.0031665838934885,97263616,184262656,83849216,86684672,
28,2026-10-09T15:59:38.718361+00:00,28.000103905000287,1150,1791553592.85,principal,1.0000854939999044,1.9998290266173466,1.9998290266173466,97263616,184262656,83849216,86684672,
29,2026-10-09T15:59:39.718447+00:00,29.000154018000103,1150,1791553592.85,principal,1.0000271979997706,2.9999184082199353,2.9999184082199353,97263616,184262656,83849216,86684672,
30,2026-10-09T15:59:40.718767+00:00,30.000441750999926,1150,1791553592.85,principal,1.0003292199999123,1.9993417767004074,1.9993417767004074,97263616,184262656,83853312,86688768,
31,2026-10-09T15:59:41.718394+00:00,31.00009327800035,1150,1791553592.85,principal,0.9996268280001459,3.0011199339276597,3.0011199339276597,97263616,184262656,83853312,86688768,
32,2026-10-09T15:59:42.719098+00:00,32.000848131000566,1150,1791553592.85,principal,1.0006927939994057,2.997923056895439,2.997923056895439,97263616,184262656,83853312,86688768,
33,2026-10-09T15:59:43.718537+00:00,33.000260907000666,1150,1791553592.85,principal,0.9994400370005678,2.001120553467302,2.001120553467302,97263616,184262656,83857408,86692864,
34,2026-10-09T15:59:44.718644+00:00,34.000337377000506,1150,1791553592.85,principal,1.0001104619996113,0.999889550200873,0.999889550200873,45092864,131833856,31432704,34268160,
35,2026-10-09T15:59:45.719591+00:00,35.00124632799998,1150,1791553592.85,principal,1.0009443930002817,0.0,0.0,45092864,131833856,31432704,34268160,
36,2026-10-09T15:59:46.719623+00:00,36.00128996600051,1150,1791553592.85,principal,1.0000302440002997,1.9999395138287017,1.9999395138287017,97263616,184262656,83861504,86696960,
37,2026-10-09T15:59:47.718826+00:00,37.00035876000038,1150,1791553592.85,principal,0.9992086590000326,3.00237590314959,3.00237590314959,97263616,184262656,83865600,86701056,
38,2026-10-09T15:59:48.719326+00:00,38.000980335999884,1150,1791553592.85,principal,1.0004937650001011,1.9990129573668611,1.9990129573668611,97263616,184262656,83865600,86701056,
39,2026-10-09T15:59:49.718845+00:00,39.00057670300066,1150,1791553592.85,principal,0.9995194869998159,3.001442232011897,3.001442232011897,97263616,184262656,83865600,86701056,
40,2026-10-09T15:59:50.718344+00:00,40.00008696399982,1150,1791553592.85,principal,0.9995900779995281,3.001230270316043,3.001230270316043,97263616,184262656,83865600,86701056,
41,2026-10-09T15:59:51.718534+00:00,41.00024359899999,1150,1791553592.85,principal,1.000101010000435,1.9997980004032443,1.9997980004032443,97263616,184262656,83865600,86701056,
42,2026-10-09T15:59:52.718870+00:00,42.00054498999998,1150,1791553592.85,principal,1.0003353029997015,2.998994428172082,2.998994428172082,97263616,184262656,83865600,86701056,
43,2026-10-09T15:59:53.718377+00:00,43.00010253600067,1150,1791553592.85,principal,0.999505832000068,2.0009888246453182,2.0009888246453182,97263616,184262656,83865600,86701056,
44,2026-10-09T15:59:54.718926+00:00,44.00063867800054,1150,1791553592.85,principal,1.000548171000446,2.9983563879792214,2.9983563879792214,97263616,184262656,83865600,86701056,
45,2026-10-09T15:59:55.718936+00:00,45.00039672100047,1150,1791553592.85,principal,1.0000515619994985,1.9998968813179658,1.9998968813179658,97263616,184262656,83869696,86705152,
46,2026-10-09T15:59:56.718888+00:00,46.000615398000264,1150,1791553592.85,principal,0.9999098930002219,3.000270345359457,3.000270345359457,97263616,184262656,83873792,86709248,
47,2026-10-09T15:59:57.718803+00:00,47.000535571,1150,1791553592.85,principal,0.9999160249999477,2.0001679641048478,2.0001679641048478,97263616,184262656,83873792,86709248,
48,2026-10-09T15:59:58.719187+00:00,48.00093251100043,1150,1791553592.85,principal,1.000383798999792,2.9988490447360396,2.9988490447360396,97263616,184262656,83873792,86709248,
49,2026-10-09T15:59:59.718395+00:00,49.00010621399997,1150,1791553592.85,principal,0.9992093529999693,3.0023738178519914,3.0023738178519914,97263616,184262656,83873792,86709248,
50,2026-10-09T16:00:00.718931+00:00,50.000197020000996,1150,1791553592.85,principal,1.0005397429995355,2.9983816444975604,2.9983816444975604,97263616,184262656,83873792,86709248,
51,2026-10-09T16:00:01.722206+00:00,51.00396202999946,1150,1791553592.85,principal,1.0032624300001771,0.0,0.0,45092864,131833856,31444992,34280448,
52,2026-10-09T16:00:02.718674+00:00,52.000295048001135,1150,1791553592.85,principal,0.9964859650008293,2.007052853974008,2.007052853974008,97263616,184262656,83873792,86709248,
53,2026-10-09T16:00:03.719035+00:00,53.000780946000305,1150,1791553592.85,principal,1.0003607679991546,2.9989180863224827,2.9989180863224827,97263616,184262656,83877888,86713344,
54,2026-10-09T16:00:04.719342+00:00,54.001063003001036,1150,1791553592.85,principal,1.0002986590006913,2.9991042905095635,2.9991042905095635,97263616,184262656,83877888,86713344,
55,2026-10-09T16:00:05.719345+00:00,55.00097909900069,1150,1791553592.85,principal,1.000003929999366,1.9999921400321152,1.9999921400321152,97263616,184262656,83877888,86713344,
56,2026-10-09T16:00:06.718891+00:00,56.000599131000854,1150,1791553592.85,principal,0.9995415619996493,2.000917296524421,2.000917296524421,97263616,184262656,83877888,86713344,
57,2026-10-09T16:00:07.719432+00:00,57.001157308000984,1150,1791553592.85,principal,1.0005443650006782,2.9983677935138084,2.9983677935138084,97263616,184262656,83877888,86713344,
58,2026-10-09T16:00:08.719324+00:00,58.001050416,1150,1791553592.85,principal,0.999888361999183,3.000334951395869,3.000334951395869,97263616,184262656,83881984,86717440,
59,2026-10-09T16:00:09.718679+00:00,59.00040128299952,1150,1791553592.85,principal,0.9993573780011502,2.001286070454823,2.001286070454823,97263616,184262656,83881984,86717440,
60,2026-10-09T16:00:10.718588+00:00,60.00031348000084,1150,1791553592.85,principal,0.9999094819995662,3.0002715785841656,3.0002715785841656,97263616,184262656,83886080,86721536,
61,2026-10-09T16:00:11.719321+00:00,61.0010494520011,1150,1791553592.85,principal,1.0007294320002984,1.9985421993657932,1.9985421993657932,97263616,184262656,83886080,86721536,
62,2026-10-09T16:00:12.720209+00:00,62.00194609400023,1150,1791553592.85,principal,1.000889767999979,2.9973330689499056,2.9973330689499056,97263616,184262656,83890176,86725632,
63,2026-10-09T16:00:13.719317+00:00,63.00105201599945,1150,1791553592.85,principal,0.9991084230005072,2.001784745236924,2.001784745236924,97263616,184262656,83890176,86725632,
64,2026-10-09T16:00:14.719373+00:00,64.00109878700096,1150,1791553592.85,principal,1.0000564649999433,2.9998306145644547,2.9998306145644547,97263616,184262656,83890176,86725632,
65,2026-10-09T16:00:15.720613+00:00,65.00229732800108,1150,1791553592.85,principal,1.001238699998794,1.9975256649611792,1.9975256649611792,97263616,184262656,83890176,86725632,
66,2026-10-09T16:00:16.719223+00:00,66.00093732800087,1150,1791553592.85,principal,0.9986117540011037,3.004170527715039,3.004170527715039,97263616,184262656,83890176,86725632,
67,2026-10-09T16:00:17.718704+00:00,67.0001869179996,1150,1791553592.85,principal,0.9994914399994741,2.0010176375307522,2.0010176375307522,97263616,184262656,83890176,86725632,
68,2026-10-09T16:00:18.718407+00:00,68.00009669999963,1150,1791553592.85,principal,0.9996950599997945,4.001220132067988,4.001220132067988,97263616,184262656,83890176,86725632,
69,2026-10-09T16:00:19.719380+00:00,69.00108339700091,1150,1791553592.85,principal,1.0009708350007713,1.998060213211323,1.998060213211323,97263616,184262656,83890176,86725632,
70,2026-10-09T16:00:20.719572+00:00,70.00091139899996,1150,1791553592.85,principal,1.0002064969994535,2.9993806368983753,2.9993806368983753,97263616,184262656,83894272,86729728,
71,2026-10-09T16:00:21.720402+00:00,71.00208983899938,1150,1791553592.85,principal,1.0008225189994846,2.997534470945973,2.997534470945973,97263616,184262656,83894272,86729728,
72,2026-10-09T16:00:22.718353+00:00,72.0000953760009,1150,1791553592.85,principal,0.9979434750002838,2.004121526020688,2.004121526020688,97263616,184262656,83898368,86733824,
73,2026-10-09T16:00:23.718620+00:00,73.00028834099976,1150,1791553592.85,principal,1.0002675440009625,2.999197582679167,2.999197582679167,97263616,184262656,83898368,86733824,
74,2026-10-09T16:00:24.718706+00:00,74.00045977300033,1150,1791553592.85,principal,1.000082377999206,1.9998352575726968,1.9998352575726968,97263616,184262656,83898368,86733824,
75,2026-10-09T16:00:25.719206+00:00,75.00096999400012,1150,1791553592.85,principal,1.000500453999848,2.9984993889871756,2.9984993889871756,97263616,184262656,83898368,86733824,
76,2026-10-09T16:00:26.718366+00:00,76.0000923660009,1150,1791553592.85,principal,0.9991621570006828,2.0016770911378385,2.0016770911378385,97263616,184262656,83898368,86733824,
77,2026-10-09T16:00:27.718371+00:00,77.00007906999963,1150,1791553592.85,principal,1.000003408998964,2.9999897730379077,2.9999897730379077,97263616,184262656,83898368,86733824,
78,2026-10-09T16:00:28.719755+00:00,78.0013911469996,1150,1791553592.85,principal,1.0013882090006518,1.9972274309040277,1.9972274309040277,97263616,184262656,83898368,86733824,
79,2026-10-09T16:00:29.719406+00:00,79.00105604599958,1150,1791553592.85,principal,0.9996508299991547,3.0010478758892973,3.0010478758892973,97263616,184262656,83898368,86733824,
80,2026-10-09T16:00:30.718610+00:00,80.00033958300082,1150,1791553592.85,principal,0.9992007420005393,2.001599794647726,2.001599794647726,97263616,184262656,83898368,86733824,
81,2026-10-09T16:00:31.718924+00:00,81.00053760400078,1150,1791553592.85,principal,1.0003207970003132,2.9990379176321342,2.9990379176321342,97263616,184262656,83902464,86737920,
82,2026-10-09T16:00:32.718859+00:00,82.0006326799994,1150,1791553592.85,principal,0.9999260339991451,2.000147942944415,2.000147942944415,97263616,184262656,83910656,86746112,
83,2026-10-09T16:00:33.719153+00:00,83.00080813800014,1150,1791553592.85,principal,1.0003302510012873,2.999009574085402,2.999009574085402,97263616,184262656,83910656,86746112,
84,2026-10-09T16:00:34.719329+00:00,84.00102779900044,1150,1791553592.85,principal,1.000142760000017,2.9995717811324107,2.9995717811324107,97263616,184262656,83910656,86746112,
85,2026-10-09T16:00:35.718926+00:00,85.0006681800005,1150,1791553592.85,principal,0.9996005769990006,2.0007991652069212,2.0007991652069212,97263616,184262656,83910656,86746112,
86,2026-10-09T16:00:36.720202+00:00,86.00192867999976,1150,1791553592.85,principal,1.001273351999771,2.996184802090688,2.996184802090688,97263616,184262656,83910656,86746112,
87,2026-10-09T16:00:37.719371+00:00,87.00098431600054,1150,1791553592.85,principal,0.9991676730005565,2.0016660406894924,2.0016660406894924,97263616,184262656,83910656,86746112,
88,2026-10-09T16:00:38.718525+00:00,88.00025414400079,1150,1791553592.85,principal,0.9991518099996028,3.0025467301121425,3.0025467301121425,97263616,184262656,83910656,86746112,
89,2026-10-09T16:00:39.719667+00:00,89.00092931000108,1150,1791553592.85,principal,1.0011425640004745,1.9977174799242774,1.9977174799242774,92938240,184262656,79564800,82400256,
90,2026-10-09T16:00:40.718983+00:00,90.00063048300035,1150,1791553592.85,principal,0.999317350999263,1.00068311532889,1.00068311532889,97263616,184262656,83910656,86746112,
91,2026-10-09T16:00:41.718460+00:00,91.00018176500089,1150,1791553592.85,principal,0.9994786320003186,2.0010432799320914,2.0010432799320914,97263616,184262656,83910656,86746112,
92,2026-10-09T16:00:42.718447+00:00,92.00009990500075,1150,1791553592.85,principal,1.0000021560008463,2.999993532011342,2.999993532011342,97263616,184262656,83914752,86750208,
93,2026-10-09T16:00:43.718409+00:00,93.0000990690005,1150,1791553592.85,principal,0.9999437490005221,2.0001125083276188,2.0001125083276188,97263616,184262656,83914752,86750208,
94,2026-10-09T16:00:44.718421+00:00,94.00009858799967,1150,1791553592.85,principal,1.0000121739994938,2.999963478446246,2.999963478446246,97263616,184262656,83918848,86754304,
95,2026-10-09T16:00:45.719480+00:00,95.00115308600107,1150,1791553592.85,principal,1.0010592139988148,2.9968257202450443,2.9968257202450443,97263616,184262656,83918848,86754304,
96,2026-10-09T16:00:46.718473+00:00,96.00018512399947,1150,1791553592.85,principal,0.9989909480009374,2.002020142426837,2.002020142426837,45092864,131833856,31485952,34219008,
97,2026-10-09T16:00:47.719988+00:00,97.00173454400101,1150,1791553592.85,principal,1.0015168730005826,0.0,0.0,45092864,131833856,31490048,34325504,
98,2026-10-09T16:00:48.719008+00:00,98.00053719300013,1150,1791553592.85,principal,0.9990899089989398,1.0009109200213306,1.0009109200213306,45092864,131833856,31490048,34325504,
99,2026-10-09T16:00:49.719576+00:00,99.00107129199932,1150,1791553592.85,principal,1.0005123959999764,0.0,0.0,45092864,131833856,31490048,34325504,
100,2026-10-09T16:00:50.719060+00:00,100.00071060600021,1150,1791553592.85,principal,0.9994713310006773,0.0,0.0,45092864,131833856,31490048,34325504,
101,2026-10-09T16:00:51.718445+00:00,101.00011771600111,1150,1791553592.85,principal,0.9993850369992288,0.0,0.0,45092864,131833856,31477760,34214912,
102,2026-10-09T16:00:52.718408+00:00,102.00010102799934,1150,1791553592.85,principal,0.9999697929997637,0.0,0.0,45092864,131833856,31490048,34325504,
103,2026-10-09T16:00:53.718836+00:00,103.00056983200011,1150,1791553592.85,principal,1.0004199800005154,0.0,0.0,45092864,131833856,31490048,34325504,
104,2026-10-09T16:00:54.718667+00:00,104.00027034300001,1150,1791553592.85,principal,0.9998327289995359,0.0,0.0,45092864,131833856,31490048,34325504,
105,2026-10-09T16:00:55.719398+00:00,105.00115227900096,1150,1791553592.85,principal,1.0007295539999177,0.9992709778610784,0.9992709778610784,45092864,131833856,31490048,34325504,
106,2026-10-09T16:00:56.719972+00:00,106.0007775289996,1150,1791553592.85,principal,1.0005809440008306,0.0,0.0,45092864,131833856,31477760,34172928,
107,2026-10-09T16:00:57.718348+00:00,107.00009545899957,1150,1791553592.85,principal,0.9983696969993616,0.0,0.0,45092864,131833856,31490048,34325504,
108,2026-10-09T16:00:58.719405+00:00,108.0010562460011,1150,1791553592.85,principal,1.0010576889999356,0.0,0.0,45092864,131833856,31490048,34325504,
109,2026-10-09T16:00:59.719634+00:00,109.00114853500054,1150,1791553592.85,principal,1.000229205001233,0.0,0.0,45092864,131833856,31490048,34325504,
110,2026-10-09T16:01:00.719308+00:00,110.00102181900002,1150,1791553592.85,principal,0.9996707709997281,0.0,0.0,45092864,131833856,31477760,34017280,
111,2026-10-09T16:01:01.718395+00:00,111.00010407599984,1150,1791553592.85,principal,0.9990930459989613,1.0009077773132837,1.0009077773132837,45092864,131833856,31490048,34325504,
112,2026-10-09T16:01:02.719148+00:00,112.0007484279995,1150,1791553592.85,principal,1.000821581999844,0.0,0.0,45092864,131833856,31490048,34325504,
113,2026-10-09T16:01:03.718538+00:00,113.00024540400045,1150,1791553592.85,principal,0.9993210360007652,0.0,0.0,45092864,131833856,31490048,34325504,
114,2026-10-09T16:01:04.719146+00:00,114.00069101600093,1150,1791553592.85,principal,1.0006915569992998,0.0,0.0,45092864,131833856,31490048,34325504,
115,2026-10-09T16:01:05.719707+00:00,115.0011301579998,1150,1791553592.85,principal,1.000485522001327,0.0,0.0,45092864,131833856,31490048,34325504,
116,2026-10-09T16:01:06.718586+00:00,116.00030617000084,1150,1791553592.85,principal,0.9988657329995476,0.0,0.0,45092864,131833856,31490048,34325504,
117,2026-10-09T16:01:07.718774+00:00,117.00053047499932,1150,1791553592.85,principal,1.0001883909990283,0.0,0.0,45092864,131833856,31490048,34325504,
118,2026-10-09T16:01:08.719658+00:00,118.00131022800088,1150,1791553592.85,principal,1.000886909001565,0.0,0.0,45092864,131833856,31490048,34325504,
119,2026-10-09T16:01:09.719187+00:00,119.00035162099994,1150,1791553592.85,principal,0.9995428869988245,1.0004573220490085,1.0004573220490085,45092864,131833856,31477760,34217984,
120,2026-10-09T16:01:10.718812+00:00,120.00050508599998,1150,1791553592.85,principal,0.9996109559997421,0.0,0.0,45092864,131833856,31490048,34325504,
121,2026-10-09T16:01:11.718837+00:00,121.00051057100063,1150,1791553592.85,principal,1.0000249870008702,0.0,0.0,45092864,131833856,31490048,34325504,
122,2026-10-09T16:01:12.718723+00:00,122.00042210299944,1150,1791553592.85,principal,0.9998871549996693,0.0,0.0,45092864,131833856,31490048,34325504,
123,2026-10-09T16:01:13.718754+00:00,123.00026846699984,1150,1791553592.85,principal,1.0000322020005115,0.0,0.0,45092864,131833856,31490048,34325504,
124,2026-10-09T16:01:14.720055+00:00,124.00139045800097,1150,1791553592.85,principal,1.0013188510001783,0.0,0.0,45092864,131833856,31477760,34168832,
125,2026-10-09T16:01:15.718845+00:00,125.00012517300092,1150,1791553592.85,principal,0.9987712539987115,1.0012302576754666,1.0012302576754666,45092864,131833856,31490048,34325504,
126,2026-10-09T16:01:16.719132+00:00,126.00084398199942,1150,1791553592.85,principal,1.0002851429999282,0.0,0.0,45092864,131833856,31490048,34325504,
127,2026-10-09T16:01:17.718625+00:00,127.0003041430009,1150,1791553592.85,principal,0.999498567000046,0.0,0.0,45092864,131833856,31490048,34325504,
128,2026-10-09T16:01:18.718647+00:00,128.00029855700086,1150,1791553592.85,principal,1.000017481001123,0.0,0.0,45092864,131833856,31477760,34211840,
129,2026-10-09T16:01:19.719206+00:00,129.000935854001,1150,1791553592.85,principal,1.000558829999136,0.0,0.0,45092864,131833856,31490048,34325504,
130,2026-10-09T16:01:20.718595+00:00,130.000288225001,1150,1791553592.85,principal,0.999389152000731,0.0,0.0,45092864,131833856,31490048,34325504,
131,2026-10-09T16:01:21.718882+00:00,131.00054115900093,1150,1791553592.85,principal,1.0002841410005203,0.0,0.0,45092864,131833856,31490048,34325504,
132,2026-10-09T16:01:22.718583+00:00,132.00026787299976,1150,1791553592.85,principal,0.9997057519994996,0.0,0.0,45092864,131833856,31490048,34325504,
133,2026-10-09T16:01:23.719359+00:00,133.0009889920002,1150,1791553592.85,principal,1.0007780079995428,0.9992225968263239,0.9992225968263239,45092864,131833856,31490048,34325504,
134,2026-10-09T16:01:24.718488+00:00,134.00025944200024,1150,1791553592.85,principal,0.9991210910011432,0.0,0.0,45092864,131833856,31490048,34325504,
135,2026-10-09T16:01:25.719004+00:00,135.0007660400006,1150,1791553592.85,principal,1.0005170979984541,0.0,0.0,45092864,131833856,31490048,34325504,
136,2026-10-09T16:01:26.718987+00:00,136.00071791200025,1150,1791553592.85,principal,0.999983820000125,0.0,0.0,45092864,131833856,31490048,34325504,
137,2026-10-09T16:01:27.718601+00:00,137.00017486700017,1150,1791553592.85,principal,0.9996137630005251,0.0,0.0,45092864,131833856,31485952,34222080,
138,2026-10-09T16:01:28.720036+00:00,138.0017513519997,1150,1791553592.85,principal,1.001434910000171,0.0,0.0,45092864,131833856,31490048,34325504,
139,2026-10-09T16:01:29.718701+00:00,139.0003510990009,1150,1791553592.85,principal,0.9986659429996507,0.0,0.0,45092864,131833856,31490048,34325504,
140,2026-10-09T16:01:30.719205+00:00,140.00087300999985,1150,1791553592.85,principal,1.0005029879994254,0.9994972648702906,0.9994972648702906,45092864,131833856,31490048,34325504,
141,2026-10-09T16:01:31.720782+00:00,141.00221968299957,1150,1791553592.85,principal,1.001578977000463,0.0,0.0,45092864,131833856,31490048,34325504,
142,2026-10-09T16:01:32.718523+00:00,142.00014949400065,1150,1791553592.85,principal,0.9977385359998152,0.0,0.0,45092864,131833856,31485952,34224128,
143,2026-10-09T16:01:33.718672+00:00,143.00028861800092,1150,1791553592.85,principal,1.0001535060000606,0.0,0.0,45092864,131833856,31490048,34325504,
144,2026-10-09T16:01:34.719125+00:00,144.00082325400035,1150,1791553592.85,principal,1.0004559560002235,0.0,0.0,45092864,131833856,31490048,34325504,
145,2026-10-09T16:01:35.719281+00:00,145.0009969420007,1150,1791553592.85,principal,1.0002112300007866,0.0,0.0,45092864,131833856,31490048,34325504,
146,2026-10-09T16:01:36.719088+00:00,146.00081799500003,1150,1791553592.85,principal,0.9997477309989335,0.0,0.0,45092864,131833856,31490048,34325504,
147,2026-10-09T16:01:37.719953+00:00,147.0015755280001,1150,1791553592.85,principal,1.0008634220012027,0.9991373228532046,0.9991373228532046,45092864,131833856,31477760,34168832,
148,2026-10-09T16:01:38.719426+00:00,148.00115349299995,1150,1791553592.85,principal,0.9994721859984566,0.0,0.0,45092864,131833856,31490048,34325504,
149,2026-10-09T16:01:39.719421+00:00,149.00114912500067,1150,1791553592.85,principal,0.9999935210016702,0.0,0.0,45092864,131833856,31490048,34325504,
150,2026-10-09T16:01:40.718385+00:00,150.00014428199938,1150,1791553592.85,principal,0.9989644419983961,0.0,0.0,45092864,131833856,31490048,34325504,
151,2026-10-09T16:01:41.718489+00:00,151.0002110589994,1150,1791553592.85,principal,1.0001017459999275,0.0,0.0,45092864,131833856,31485952,34009088,
152,2026-10-09T16:01:42.719535+00:00,152.0011133829994,1150,1791553592.85,principal,1.0010661490014172,0.0,0.0,45092864,131833856,31490048,34325504,
153,2026-10-09T16:01:43.719123+00:00,153.00069593300032,1150,1791553592.85,principal,0.9995716729990818,0.0,0.0,45092864,131833856,31490048,34325504,
154,2026-10-09T16:01:44.719691+00:00,154.0011428960006,1150,1791553592.85,principal,1.0005771850010206,0.9994231479493095,0.9994231479493095,45092864,131833856,31490048,34325504,
155,2026-10-09T16:01:45.718604+00:00,155.0003162890007,1150,1791553592.85,principal,0.9989073559991084,0.0,0.0,45092864,131833856,31490048,34325504,
156,2026-10-09T16:01:46.719305+00:00,156.0009111069994,1150,1791553592.85,principal,1.0006959860002098,0.0,0.0,45092864,131833856,31485952,34215936,
157,2026-10-09T16:01:47.719333+00:00,157.00105150200034,1150,1791553592.85,principal,1.0000291319993266,0.0,0.0,45092864,131833856,31490048,34325504,
158,2026-10-09T16:01:48.721361+00:00,158.00292146299944,1150,1791553592.85,principal,1.0020333360007498,0.0,0.0,45092864,131833856,31490048,34325504,
159,2026-10-09T16:01:49.718548+00:00,159.00019408700064,1150,1791553592.85,principal,0.9971850509991782,0.0,0.0,45092864,131833856,31485952,34222080,
160,2026-10-09T16:01:50.719510+00:00,160.00118895500054,1150,1791553592.85,principal,1.000986474000456,0.0,0.0,45092864,131833856,31490048,34325504,
161,2026-10-09T16:01:51.718396+00:00,161.00011982199976,1150,1791553592.85,principal,0.9988577469994198,0.0,0.0,45092864,131833856,31490048,34325504,
162,2026-10-09T16:01:52.718671+00:00,162.00038608900104,1150,1791553592.85,principal,1.0002749050017883,0.9997251705503583,0.9997251705503583,45092864,131833856,31490048,34325504,
163,2026-10-09T16:01:53.718578+00:00,163.00028951900094,1150,1791553592.85,principal,0.9999073449998832,0.0,0.0,45092864,131833856,31490048,34325504,
164,2026-10-09T16:01:54.718407+00:00,164.00010634300088,1150,1791553592.85,principal,0.9998285989986471,0.0,0.0,45092864,131833856,31477760,34179072,
165,2026-10-09T16:01:55.719814+00:00,165.00153169000077,1150,1791553592.85,principal,1.001408653000908,0.0,0.0,45092864,131833856,31490048,34325504,
166,2026-10-09T16:01:56.719263+00:00,166.00095165099992,1150,1791553592.85,principal,0.9994477839991305,0.0,0.0,45092864,131833856,31490048,34325504,
167,2026-10-09T16:01:57.718380+00:00,167.00008202900062,1150,1791553592.85,principal,0.9991177740012063,0.0,0.0,45092864,131833856,31490048,34325504,
168,2026-10-09T16:01:58.726394+00:00,168.00808528500056,1150,1791553592.85,principal,1.0080125320000661,0.0,0.0,45092864,131833856,31477760,34009088,
169,2026-10-09T16:01:59.718848+00:00,169.00045398099974,1150,1791553592.85,principal,0.9924526099985087,0.0,0.0,45092864,131833856,31490048,34325504,
170,2026-10-09T16:02:00.720807+00:00,170.00240234400007,1150,1791553592.85,principal,1.0019605580000643,0.0,0.0,45092864,131833856,31490048,34325504,
171,2026-10-09T16:02:01.718355+00:00,171.0001152879995,1150,1791553592.85,principal,0.9975460069999826,1.002460029896141,1.002460029896141,45092864,131833856,31490048,34325504,
172,2026-10-09T16:02:02.718743+00:00,172.00045941499957,1150,1791553592.85,principal,1.0003912130014214,0.0,0.0,45092864,131833856,31490048,34325504,
173,2026-10-09T16:02:03.718538+00:00,173.00019115599935,1150,1791553592.85,principal,0.9997923129994888,0.0,0.0,45092864,131833856,31477760,34215936,
174,2026-10-09T16:02:04.719624+00:00,174.0008871150003,1150,1791553592.85,principal,1.001089477998903,0.0,0.0,45092864,131833856,31490048,34325504,
175,2026-10-09T16:02:05.718747+00:00,175.0004610140004,1150,1791553592.85,principal,0.9991193690002547,0.0,0.0,45092864,131833856,31490048,34325504,
176,2026-10-09T16:02:06.718386+00:00,176.00009239199971,1150,1791553592.85,principal,0.9996420110001054,0.0,0.0,45092864,131833856,31490048,34325504,
177,2026-10-09T16:02:07.719113+00:00,177.00041659899944,1150,1791553592.85,principal,1.0007621650001965,0.0,0.0,45092864,131833856,31490048,34325504,
178,2026-10-09T16:02:08.723001+00:00,178.0046134210006,1150,1791553592.85,principal,1.0038516500007972,0.0,0.0,45092864,131833856,31477760,34173952,
179,2026-10-09T16:02:09.718431+00:00,179.00015230899953,1150,1791553592.85,principal,0.995431657998779,0.0,0.0,45092864,131833856,31490048,34325504,
180,2026-10-09T16:02:10.718609+00:00,180.00029675299993,1150,1791553592.85,principal,1.0001816880012484,0.9998183450032635,0.9998183450032635,45092864,131833856,31490048,34325504,
181,2026-10-09T16:02:11.721006+00:00,181.00198642599935,1150,1791553592.85,principal,1.0024841759986884,0.0,0.0,45092864,131833856,31490048,34325504,
182,2026-10-09T16:02:12.718550+00:00,182.00018547199943,1150,1791553592.85,principal,0.9974518960007117,0.0,0.0,45092864,131833856,31477760,34221056,
183,2026-10-09T16:02:13.719236+00:00,183.00094512900068,1150,1791553592.85,principal,1.000688980000632,0.0,0.0,45092864,131833856,31490048,34325504,
184,2026-10-09T16:02:14.718847+00:00,184.0001364260006,1150,1791553592.85,principal,0.9997483719998854,0.0,0.0,45092864,131833856,31490048,34325504,
185,2026-10-09T16:02:15.719677+00:00,185.00109025500024,1150,1791553592.85,principal,1.0006948030004423,0.0,0.0,45092864,131833856,31490048,34325504,
186,2026-10-09T16:02:16.720181+00:00,186.00188976800018,1150,1791553592.85,principal,1.0004997959986213,0.0,0.0,45092864,131833856,31490048,34325504,
187,2026-10-09T16:02:17.718544+00:00,187.00017654800104,1150,1791553592.85,principal,0.9983656910007994,0.0,0.0,45092864,131833856,31481856,34234368,
188,2026-10-09T16:02:18.720786+00:00,188.00249601900032,1150,1791553592.85,principal,1.0022391769998649,0.0,0.0,45092864,131833856,31490048,34325504,
189,2026-10-09T16:02:19.718900+00:00,189.0001294470003,1150,1791553592.85,principal,0.998116160999416,1.0018873945480218,1.0018873945480218,45092864,131833856,31490048,34325504,
190,2026-10-09T16:02:20.718387+00:00,190.00010958799976,1150,1791553592.85,principal,0.9994838809998328,0.0,0.0,45092864,131833856,31490048,34325504,
191,2026-10-09T16:02:21.718650+00:00,191.0003486530004,1150,1791553592.85,principal,1.000260775001152,0.0,0.0,45092864,131833856,31485952,34176000,
192,2026-10-09T16:02:22.718824+00:00,192.00059032799982,1150,1791553592.85,principal,1.0001741180003592,0.0,0.0,45092864,131833856,31490048,34325504,
193,2026-10-09T16:02:23.719574+00:00,193.0010642950001,1150,1791553592.85,principal,1.0007609319982294,0.0,0.0,45092864,131833856,31490048,34325504,
194,2026-10-09T16:02:24.720101+00:00,194.00160964499992,1150,1791553592.85,principal,1.0005184340006963,0.0,0.0,45092864,131833856,31490048,34325504,
195,2026-10-09T16:02:25.719216+00:00,195.00074391400085,1150,1791553592.85,principal,0.9991457899996021,0.0,0.0,45092864,131833856,31490048,34325504,
196,2026-10-09T16:02:26.718638+00:00,196.00018876499962,1150,1791553592.85,principal,0.9993987050002033,0.0,0.0,45092864,131833856,31481856,34233344,
197,2026-10-09T16:02:27.719447+00:00,197.00107341500006,1150,1791553592.85,principal,1.0008071520005615,0.9991934989683383,0.9991934989683383,45092864,131833856,31490048,34325504,
198,2026-10-09T16:02:28.719250+00:00,198.00097464899955,1150,1791553592.85,principal,0.9997944259994256,0.0,0.0,45092864,131833856,31490048,34325504,
199,2026-10-09T16:02:29.718391+00:00,199.00009648800005,1150,1791553592.85,principal,0.9991437720000249,0.0,0.0,45092864,131833856,31490048,34325504,
