amostra,utc,tempo_relativo_s,intervalo_real_s,cpus_logicas,cpu_sistema_capacidade_pct,ram_total_bytes,ram_disponivel_bytes,ram_usada_psutil_bytes,ram_nao_disponivel_bytes,ram_percent_psutil,processos_enumerados,cpu_processos_completa,cpu_soma_uma_cpu_pct,cpu_soma_capacidade_vm_pct,rss_soma_bytes,uss_soma_bytes,pss_soma_bytes,processos_adicionados,processos_removidos
1,2026-10-08T21:40:08.203999+00:00,1.0047504670001217,1.0047504670001217,2,12.4,2073604096,1407946752,665657344,665657344,32.1,4,False,,,125276160,,,"[[1815, 1791494081.99], [1816, 1791494082.08], [1817, 1791494082.08], [1818, 1791494082.08]]",[]
2,2026-10-08T21:40:09.205483+00:00,2.0057524559997546,1.0010019889996329,2,13.4,2073604096,1407692800,665911296,665911296,32.1,4,True,0.9984833257955664,0.4992416628977832,125276160,,,[],[]
3,2026-10-08T21:40:10.204899+00:00,3.0057327160002387,0.9999802600004841,2,0.0,2073604096,1407692800,665911296,665911296,32.1,4,True,0.0,0.0,125276160,,,[],[]
4,2026-10-08T21:40:11.205918+00:00,4.005960124000012,1.0002274079997733,2,11.5,2073604096,1407692800,665911296,665911296,32.1,4,True,26.97107677066375,13.485538385331875,125276160,,,[],[]
5,2026-10-08T21:40:12.201539+00:00,5.001796438999918,0.9958363149999059,2,42.3,2073604096,1407696896,665907200,665907200,32.1,4,True,97.43387535936908,48.71693767968454,125276160,,,[],[]
6,2026-10-08T21:40:13.208450+00:00,6.009203378000166,1.0074069390002478,2,38.5,2073604096,1407696896,665907200,665907200,32.1,4,True,100.3084862309014,50.1542431154507,125276160,,,[],[]
7,2026-10-08T21:40:14.199467+00:00,7.000403510000069,0.9912001319999035,2,40.6,2073604096,1407696896,665907200,665907200,32.1,4,True,98.89071274154938,49.44535637077469,125276160,,,[],[]
8,2026-10-08T21:40:15.201403+00:00,8.002065939999738,1.0016624299996693,2,29.3,2073604096,1407696896,665907200,665907200,32.1,4,True,97.80683969907395,48.903419849536974,125276160,,,[],[]
9,2026-10-08T21:40:16.199577+00:00,9.00034143999983,0.9982755000000907,2,35.9,2073604096,1407696896,665907200,665907200,32.1,4,True,98.15916281220818,49.07958140610409,125276160,,,[],[]
10,2026-10-08T21:40:17.205596+00:00,10.006402930999684,1.0060614909998549,2,32.9,2073604096,1407696896,665907200,665907200,32.1,4,True,98.42430181314043,49.212150906570216,125276160,,,[],[]
11,2026-10-08T21:40:18.200419+00:00,11.001138689000072,0.9947357580003882,2,47.9,2073604096,1407696896,665907200,665907200,32.1,4,True,98.47863234852215,49.23931617426108,125276160,,,[],[]
12,2026-10-08T21:40:19.205199+00:00,12.004829534000237,1.0036908450001647,2,23.4,2073604096,1407741952,665862144,665862144,32.1,4,True,96.54507533219964,48.27253766609982,125276160,,,[],[]
13,2026-10-08T21:40:20.209344+00:00,13.01013859700015,1.0053090629999133,2,21.0,2073604096,1407741952,665862144,665862144,32.1,4,True,97.6233854792105,48.81169273960525,125276160,,,[],[]
14,2026-10-08T21:40:21.200350+00:00,14.00096627899984,0.99082768199969,2,27.9,2073604096,1407741952,665862144,665862144,32.1,4,True,101.91583631544435,50.957918157722176,125276160,,,[],[]
15,2026-10-08T21:40:22.201763+00:00,15.002107055000124,1.001140776000284,2,33.1,2073604096,1407741952,665862144,665862144,32.1,4,True,97.86134591700286,48.93067295850143,125276160,,,[],[]
16,2026-10-08T21:40:23.203486+00:00,16.002529827000217,1.0004227720000927,2,36.8,2073604096,1407750144,665853952,665853952,32.1,4,True,99.82553957875736,49.91276978937868,125276160,,,[],[]
17,2026-10-08T21:40:24.201269+00:00,17.00170285999957,0.9991730329993516,2,37.6,2073604096,1407750144,665853952,665853952,32.1,4,True,99.2248676274748,49.6124338137374,125276160,,,[],[]
18,2026-10-08T21:40:25.312914+00:00,18.113777310999467,1.1120744509998985,2,43.8,2073604096,1407766528,665837568,665837568,32.1,4,True,98.05345742622794,49.02672871311397,125276160,,,[],[]
19,2026-10-08T21:40:26.208537+00:00,19.009329270999842,0.8955519600003754,2,45.0,2073604096,1407766528,665837568,665837568,32.1,4,True,98.25435309386873,49.127176546934365,125276160,,,[],[]
20,2026-10-08T21:40:27.225682+00:00,20.026608146999934,1.0172788760000913,2,39.2,2073604096,1407766528,665837568,665837568,32.1,4,True,98.31509478208636,49.15754739104318,125276160,,,[],[]
21,2026-10-08T21:40:28.274628+00:00,21.075253560999954,1.0486454140000205,2,41.8,2073604096,1407766528,665837568,665837568,32.1,4,True,99.14820783171781,49.574103915858906,125276160,,,[],[]
22,2026-10-08T21:40:29.211220+00:00,22.011913512999854,0.9366599519998999,2,37.4,2073604096,1407766528,665837568,665837568,32.1,4,True,98.2260923971882,49.1130461985941,125276160,,,[],[]
23,2026-10-08T21:40:30.199786+00:00,23.00056136999956,0.9886478569997053,2,36.6,2073604096,1407766528,665837568,665837568,32.1,4,True,98.12229877089776,49.06114938544888,125276160,,,[],[]
24,2026-10-08T21:40:31.203410+00:00,24.00434531100018,1.00378394100062,2,17.6,2073604096,1407795200,665808896,665808896,32.1,4,True,98.63988394613139,49.319941973065696,125276160,,,[],[]
25,2026-10-08T21:40:32.200831+00:00,25.001469957000154,0.9971246459999747,2,38.8,2073604096,1407795200,665808896,665808896,32.1,4,True,98.25736782737928,49.12868391368964,125276160,,,[],[]
26,2026-10-08T21:40:33.200345+00:00,26.00126936200013,0.9997994049999761,2,28.3,2073604096,1407795200,665808896,665808896,32.1,4,True,99.04309978635658,49.52154989317829,125276160,,,[],[]
27,2026-10-08T21:40:34.204083+00:00,27.00498090899964,1.0037115469995115,2,41.0,2073604096,1407795200,665808896,665808896,32.1,4,True,91.6618398799842,45.8309199399921,125276160,,,[],[]
28,2026-10-08T21:40:35.204146+00:00,28.005029991999436,1.0000490829997943,2,21.6,2073604096,1407795200,665808896,665808896,32.1,4,True,105.99426104977705,52.997130524888526,125276160,,,[],[]
29,2026-10-08T21:40:36.200214+00:00,29.001080918000298,0.9960509260008621,2,42.1,2073604096,1407795200,665808896,665808896,32.1,4,True,96.37254394633186,48.18627197316593,125276160,,,[],[]
30,2026-10-08T21:40:37.204215+00:00,30.004889531000117,1.0038086129998192,2,46.9,2073604096,1407827968,665776128,665776128,32.1,4,True,97.6145193090693,48.80725965453465,125276160,,,[],[]
31,2026-10-08T21:40:38.200307+00:00,31.00115934599944,0.996269814999323,2,40.2,2073604096,1407827968,665776128,665776128,32.1,4,True,98.38211463690473,49.191057318452366,125276160,,,[],[]
32,2026-10-08T21:40:39.199917+00:00,32.0007482989995,0.9995889530000568,2,26.3,2073604096,1407827968,665776128,665776128,32.1,4,True,99.04076352022027,49.52038176011013,125276160,,,[],[]
33,2026-10-08T21:40:40.202780+00:00,33.00363320499946,1.002884905999963,2,28.4,2073604096,1407832064,665772032,665772032,32.1,4,True,87.74830207036064,43.87415103518032,125276160,,,[],[]
34,2026-10-08T21:40:41.202477+00:00,34.003152883999974,0.9995196790005139,2,0.0,2073604096,1407832064,665772032,665772032,32.1,4,True,0.0,0.0,125276160,,,[],[]
35,2026-10-08T21:40:42.201721+00:00,35.00232439499996,0.9991715109999859,2,14.4,2073604096,1407832064,665772032,665772032,32.1,4,True,41.03511132369891,20.517555661849453,125276160,,,[],[]
36,2026-10-08T21:40:43.205455+00:00,36.006208570000126,1.0038841750001666,2,29.0,2073604096,1407848448,665755648,665755648,32.1,4,True,99.63000867973551,49.815004339867755,125276160,,,[],[]
37,2026-10-08T21:40:44.306232+00:00,37.10657324299973,1.1003646729996035,2,26.8,2073604096,1407848448,665755648,665755648,32.1,4,True,99.0204845784832,49.5102422892416,125276160,,,[],[]
38,2026-10-08T21:40:45.299320+00:00,38.10022490400024,0.9936516610005128,2,31.9,2073604096,1407848448,665755648,665755648,32.1,4,True,98.6825314261441,49.34126571307205,125276160,,,[],[]
39,2026-10-08T21:40:46.412322+00:00,39.213228165000146,1.1130032609999034,2,31.0,2073604096,1407860736,665743360,665743360,32.1,4,True,98.83182862625847,49.415914313129235,125276160,,,[],[]
40,2026-10-08T21:40:47.204836+00:00,40.00565672199991,0.7924285569997664,2,40.2,2073604096,1407860736,665743360,665743360,32.1,4,True,98.41938232248577,49.20969116124289,125276160,,,[],[]
41,2026-10-08T21:40:48.200595+00:00,41.001320483999734,0.9956637619998219,2,34.0,2073604096,1407860736,665743360,665743360,32.1,4,True,98.40519186046649,49.202595930233244,125276160,,,[],[]
42,2026-10-08T21:40:49.202044+00:00,42.00296486000025,1.0016443760005131,2,47.9,2073604096,1407877120,665726976,665726976,32.1,4,True,98.86961589170117,49.43480794585059,125276160,,,[],[]
43,2026-10-08T21:40:50.200337+00:00,43.00112373199954,0.9981588719992942,2,43.4,2073604096,1407877120,665726976,665726976,32.1,4,True,98.16579507903536,49.08289753951768,125276160,,,[],[]
44,2026-10-08T21:40:51.221179+00:00,44.02205291500013,1.0209291830005895,2,32.7,2073604096,1407889408,665714688,665714688,32.1,4,True,99.91833247797216,49.95916623898608,125276160,,,[],[]
45,2026-10-08T21:40:52.200608+00:00,45.00143647200002,0.9793835569998919,2,46.1,2073604096,1407889408,665714688,665714688,32.1,4,True,98.01740252870364,49.00870126435182,125276160,,,[],[]
46,2026-10-08T21:40:53.215468+00:00,46.01622353399944,1.0147870619994137,2,43.3,2073604096,1407889408,665714688,665714688,32.1,4,True,98.53586086579641,49.267930432898204,125276160,,,[],[]
47,2026-10-08T21:40:54.263728+00:00,47.06462302,1.0483994860005623,2,36.6,2073604096,1407889408,665714688,665714688,32.1,4,True,97.303987402392,48.651993701196,125276160,,,[],[]
48,2026-10-08T21:40:55.249053+00:00,48.04995750699982,0.9853344869998182,2,41.2,2073604096,1407897600,665706496,665706496,32.1,4,True,98.44524431060674,49.22262215530337,125276160,,,[],[]
49,2026-10-08T21:40:56.205802+00:00,49.006674278999526,0.9567167719997087,2,41.4,2073604096,1407897600,665706496,665706496,32.1,4,True,98.24713872499792,49.12356936249896,125276160,,,[],[]
50,2026-10-08T21:40:57.336398+00:00,50.1371508279999,1.1304765490003774,2,38.8,2073604096,1407897600,665706496,665706496,32.1,4,True,99.06415472852723,49.532077364263614,125276160,,,[],[]
51,2026-10-08T21:40:58.215023+00:00,51.01590884199959,0.8787580139996862,2,40.7,2073604096,1407905792,665698304,665698304,32.1,4,True,97.8812269340546,48.9406134670273,125276160,,,[],[]
52,2026-10-08T21:40:59.212221+00:00,52.01303342400024,0.9971245820006516,2,29.0,2073604096,1407926272,665677824,665677824,32.1,4,True,99.27642711195577,49.638213555977885,125276160,,,[],[]
53,2026-10-08T21:41:00.203878+00:00,53.004788893000296,0.9917554690000543,2,44.9,2073604096,1407926272,665677824,665677824,32.1,4,True,97.817094064537,48.9085470322685,125276160,,,[],[]
54,2026-10-08T21:41:01.204386+00:00,54.005240350999884,1.0004514579995885,2,20.3,2073604096,1407926272,665677824,665677824,32.1,4,True,97.94964601105585,48.974823005527924,125276160,,,[],[]
55,2026-10-08T21:41:02.255126+00:00,55.05513713599976,1.0498967849998735,2,18.1,2073604096,1407926272,665677824,665677824,32.1,4,True,99.90526552501353,49.95263276250677,125276160,,,[],[]
56,2026-10-08T21:41:03.201645+00:00,56.00165814899992,0.9465210130001651,2,36.6,2073604096,1407930368,665673728,665673728,32.1,4,True,98.28051902488312,49.14025951244156,125276160,,,[],[]
57,2026-10-08T21:41:04.206621+00:00,57.007412535000185,1.0057543860002625,2,34.4,2073604096,1407930368,665673728,665673728,32.1,4,True,97.51711660357795,48.75855830178897,125276160,,,[],[]
58,2026-10-08T21:41:05.268376+00:00,58.0686085010002,1.0611959660000139,2,26.4,2073604096,1407930368,665673728,665673728,32.1,4,True,98.85360472552678,49.42680236276339,125276160,,,[],[]
59,2026-10-08T21:41:06.200847+00:00,59.0017391020001,0.9331306009999025,2,18.8,2073604096,1407946752,665657344,665657344,32.1,4,True,98.70230516655813,49.35115258327907,125276160,,,[],[]
60,2026-10-08T21:41:07.204732+00:00,60.00543253900014,1.003693437000038,2,46.5,2073604096,1407946752,665657344,665657344,32.1,4,True,97.62480405750021,48.81240202875011,125276160,,,[],[]
61,2026-10-08T21:41:08.199289+00:00,61.00010561199997,0.9946730729998308,2,37.2,2073604096,1407946752,665657344,665657344,32.1,4,True,98.53731891246129,49.268659456230644,125276160,,,[],[]
62,2026-10-08T21:41:09.220026+00:00,62.01950535099968,1.0193997389997094,2,35.5,2073604096,1407950848,665653248,665653248,32.1,4,True,98.94620576735738,49.47310288367869,125276160,,,[],[]
63,2026-10-08T21:41:10.200736+00:00,63.00165230699986,0.9821469560001788,2,25.0,2073604096,1407950848,665653248,665653248,32.1,4,True,98.9097149784042,49.4548574892021,125276160,,,[],[]
64,2026-10-08T21:41:11.202876+00:00,64.00381435399959,1.0021620469997288,2,28.8,2073604096,1407975424,665628672,665628672,32.1,4,True,98.79011743523884,49.39505871761942,125276160,,,[],[]
65,2026-10-08T21:41:12.203020+00:00,65.00384542099982,1.0000310670002364,2,27.4,2073604096,1407975424,665628672,665628672,32.1,4,True,98.9840985417735,49.49204927088675,125276160,,,[],[]
66,2026-10-08T21:41:13.202361+00:00,66.00305252099952,0.999207099999694,2,26.3,2073604096,1407975424,665628672,665628672,32.1,4,True,98.0630325858692,49.0315162929346,125276160,,,[],[]
67,2026-10-08T21:41:14.201401+00:00,67.00229097899955,0.9992384580000362,2,25.2,2073604096,1407975424,665628672,665628672,32.1,4,True,98.09543452083952,49.04771726041976,125276160,,,[],[]
68,2026-10-08T21:41:15.201925+00:00,68.0027781029994,1.0004871239998465,2,30.2,2073604096,1407987712,665616384,665616384,32.1,4,True,98.9485102896433,49.47425514482165,125276160,,,[],[]
69,2026-10-08T21:41:16.200699+00:00,69.00134630100001,0.998568198000612,2,33.1,2073604096,1407987712,665616384,665616384,32.1,4,True,98.12040889637126,49.06020444818563,125276160,,,[],[]
70,2026-10-08T21:41:17.202676+00:00,70.0035139419997,1.0021676409996871,2,29.7,2073604096,1408000000,665604096,665604096,32.1,4,True,97.80633819207407,48.90316909603703,125276160,,,[],[]
71,2026-10-08T21:41:18.202599+00:00,71.00339483300013,0.99988089100043,2,24.2,2073604096,1408000000,665604096,665604096,32.1,4,True,99.00828065384245,49.504140326921224,125276160,,,[],[]
72,2026-10-08T21:41:19.204410+00:00,72.00530182300008,1.0019069899999522,2,29.3,2073604096,1408000000,665604096,665604096,32.1,4,True,95.82612783618328,47.91306391809164,125276160,,,[],[]
73,2026-10-08T21:41:20.204220+00:00,73.00511637,0.9998145469999145,2,24.0,2073604096,1408000000,665604096,665604096,32.1,4,True,99.01898164167876,49.50949082083938,125276160,,,[],[]
74,2026-10-08T21:41:21.233643+00:00,74.03372584999943,1.0286094799994316,2,34.0,2073604096,1408008192,665595904,665595904,32.1,4,True,101.02722981585828,50.51361490792914,125276160,,,[],[]
75,2026-10-08T21:41:22.201825+00:00,75.00232260600023,0.9685967560008066,2,22.8,2073604096,1408008192,665595904,665595904,32.1,4,True,99.14994296899408,49.57497148449704,125276160,,,[],[]
76,2026-10-08T21:41:23.328559+00:00,76.12821091400019,1.1258883079999578,2,32.5,2073604096,1408020480,665583616,665583616,32.1,4,True,98.51557718489047,49.25778859244524,125276160,,,[],[]
77,2026-10-08T21:41:24.235025+00:00,77.03535554399969,0.9071446299994932,2,10.1,2073604096,1408020480,665583616,665583616,32.1,4,True,99.28896220752253,49.644481103761265,125276160,,,[],[]
78,2026-10-08T21:41:25.204097+00:00,78.00437654399957,0.9690209999998842,2,30.4,2073604096,1408020480,665583616,665583616,32.1,4,True,98.01749183853266,49.00874591926633,125276160,,,[],[]
79,2026-10-08T21:41:26.200994+00:00,79.00149913399946,0.9971225899998899,2,44.6,2073604096,1408036864,665567232,665567232,32.1,4,True,98.3143865994139,49.15719329970695,125276160,,,[],[]
80,2026-10-08T21:41:27.266130+00:00,80.06638360800025,1.0648844740007917,2,32.9,2073604096,1408036864,665567232,665567232,32.1,4,True,97.64498431229852,48.82249215614926,125276160,,,[],[]
81,2026-10-08T21:41:28.203894+00:00,81.00478398199994,0.9384003739996842,2,29.2,2073604096,1408036864,665567232,665567232,32.1,4,True,99.17212360924668,49.58606180462334,125276160,,,[],[]
82,2026-10-08T21:41:29.199249+00:00,82.0001591579994,0.9953751759994702,2,25.8,2073604096,1408045056,665559040,665559040,32.1,4,True,99.46358644636813,49.73179322318406,125276160,,,[],[]
83,2026-10-08T21:41:30.202450+00:00,83.00323617599952,1.0030770180001127,2,40.7,2073604096,1408045056,665559040,665559040,32.1,4,True,97.68459957919443,48.84229978959721,125276160,,,[],[]
84,2026-10-08T21:41:31.200811+00:00,84.00150290599959,0.9982667300000685,2,23.3,2073604096,1408045056,665559040,665559040,32.1,4,True,98.1633358346828,49.0816679173414,125276160,,,[],[]
85,2026-10-08T21:41:32.203695+00:00,85.00455265999972,1.0030497540001306,2,34.4,2073604096,1408045056,665559040,665559040,32.1,4,True,98.71522188612943,49.357610943064714,125276160,,,[],[]
86,2026-10-08T21:41:33.204078+00:00,86.0049709570003,1.0004182970005786,2,23.8,2073604096,1408045056,665559040,665559040,32.1,4,True,98.93589009185533,49.467945045927664,125276160,,,[],[]
87,2026-10-08T21:41:34.200953+00:00,87.00129301499965,0.9963220579993504,2,35.8,2073604096,1408045056,665559040,665559040,32.1,4,True,99.33625029543981,49.668125147719905,125276160,,,[],[]
88,2026-10-08T21:41:35.201414+00:00,88.00169095899946,1.0003979439998147,2,36.9,2073604096,1408073728,665530368,665530368,32.1,4,True,97.95429887339542,48.97714943669771,125276160,,,[],[]
89,2026-10-08T21:41:36.206374+00:00,89.00721811199946,1.0055271530000027,2,17.5,2073604096,1408073728,665530368,665530368,32.1,4,True,99.49764631152036,49.74882315576018,125276160,,,[],[]
90,2026-10-08T21:41:37.206689+00:00,90.00678226899981,0.99956415700035,2,45.8,2073604096,1408073728,665530368,665530368,32.1,4,True,97.95163812615937,48.97581906307968,125276160,,,[],[]
91,2026-10-08T21:41:38.207980+00:00,91.00886339999943,1.0020811309996134,2,24.6,2073604096,1408073728,665530368,665530368,32.1,4,True,98.89174674745867,49.445873373729334,125276160,,,[],[]
92,2026-10-08T21:41:39.209266+00:00,92.00977909499943,1.0009156950000033,2,31.3,2073604096,1408073728,665530368,665530368,32.1,4,True,98.8716313014314,49.4358156507157,125276160,,,[],[]
93,2026-10-08T21:41:40.200071+00:00,93.00069136899947,0.9909122740000385,2,30.5,2073604096,1408073728,665530368,665530368,32.1,4,True,97.90138800778143,48.95069400389072,125276160,,,[],[]
94,2026-10-08T21:41:41.200022+00:00,94.00089387000025,1.0002025010007856,2,17.5,2073604096,1408094208,665509888,665509888,32.1,4,True,70.00301495990593,35.00150747995296,125276160,,,[],[]
95,2026-10-08T21:41:42.201279+00:00,95.00169267199999,1.0007988019997356,2,27.8,2073604096,1407258624,666345472,666345472,32.1,4,True,1.9974755165359432,0.9987377582679716,125276160,,,[],[]
96,2026-10-08T21:41:43.201661+00:00,96.00230224499956,1.000609572999565,2,11.3,2073604096,1406566400,667037696,667037696,32.2,4,True,0.0,0.0,125276160,,,[],[]
97,2026-10-08T21:41:44.203355+00:00,97.00426993200017,1.0019676870006151,2,1.0,2073604096,1406570496,667033600,667033600,32.2,4,True,0.0,0.0,125276160,,,[],[]
98,2026-10-08T21:41:45.201205+00:00,98.0016614239994,0.997391491999224,2,12.3,2073604096,1406087168,667516928,667516928,32.2,4,True,0.0,0.0,125276160,,,[],[]
99,2026-10-08T21:41:46.201060+00:00,99.00113487099952,0.9994734470001276,2,11.9,2073604096,1406095360,667508736,667508736,32.2,4,True,0.0,0.0,125276160,,,[],[]
100,2026-10-08T21:41:47.201073+00:00,100.00167005499952,1.0005351840000003,2,14.0,2073604096,1405845504,667758592,667758592,32.2,4,True,0.0,0.0,125276160,,,[],[]
101,2026-10-08T21:41:48.200841+00:00,101.00123416199949,0.9995641069999692,2,3.6,2073604096,1405853696,667750400,667750400,32.2,4,True,0.0,0.0,125276160,,,[],[]
102,2026-10-08T21:41:49.209439+00:00,102.01034539899956,1.00911123700007,2,6.7,2073604096,1405857792,667746304,667746304,32.2,4,True,1.9829558726196779,0.9914779363098389,125276160,,,[],[]
103,2026-10-08T21:41:50.201364+00:00,103.0020606879998,0.9917152890002399,2,12.4,2073604096,1405603840,668000256,668000256,32.2,4,True,0.0,0.0,125276160,,,[],[]
104,2026-10-08T21:41:51.199645+00:00,104.00052141800006,0.9984607300002608,2,10.5,2073604096,1405607936,667996160,667996160,32.2,4,True,0.0,0.0,125276160,,,[],[]
105,2026-10-08T21:41:52.200077+00:00,105.00073907499973,1.0002176569996664,2,11.4,2073604096,1405607936,667996160,667996160,32.2,4,True,0.0,0.0,125276160,,,[],[]
106,2026-10-08T21:41:53.202177+00:00,106.00304457199945,1.0023054969997247,2,2.0,2073604096,1405886464,667717632,667717632,32.2,4,True,0.0,0.0,125276160,,,[],[]
107,2026-10-08T21:41:54.200142+00:00,107.0008357329998,0.9977911610003503,2,11.9,2073604096,1405894656,667709440,667709440,32.2,4,True,0.0,0.0,125276160,,,[],[]
108,2026-10-08T21:41:55.200331+00:00,108.0004778020002,0.9996420690004015,2,10.9,2073604096,1405894656,667709440,667709440,32.2,4,True,0.0,0.0,125276160,,,[],[]
109,2026-10-08T21:41:56.199463+00:00,109.0001826380003,0.9997048360000917,2,11.3,2073604096,1405665280,667938816,667938816,32.2,4,True,0.0,0.0,125276160,,,[],[]
110,2026-10-08T21:41:57.201290+00:00,110.00126315099988,1.0010805129995788,2,2.5,2073604096,1405669376,667934720,667934720,32.2,4,True,0.0,0.0,125276160,,,[],[]
111,2026-10-08T21:41:58.201321+00:00,111.0019368409994,1.0006736899995303,2,9.8,2073604096,1405575168,668028928,668028928,32.2,4,True,1.999744285698931,0.9998721428494655,125276160,,,[],[]
112,2026-10-08T21:41:59.201870+00:00,112.00253542199971,1.000598581000304,2,11.3,2073604096,1405317120,668286976,668286976,32.2,4,True,0.0,0.0,125276160,,,[],[]
113,2026-10-08T21:42:00.199620+00:00,113.00049859499995,0.9979631730002438,2,9.5,2073604096,1405063168,668540928,668540928,32.2,4,True,0.0,0.0,125276160,,,[],[]
114,2026-10-08T21:42:01.201004+00:00,114.00123494800027,1.0007363530003204,2,7.6,2073604096,1405063168,668540928,668540928,32.2,4,True,0.0,0.0,125276160,,,[],[]
115,2026-10-08T21:42:02.203273+00:00,115.00419805699948,1.0029631089992108,2,4.1,2073604096,1405071360,668532736,668532736,32.2,4,True,0.0,0.0,125276160,,,[],[]
116,2026-10-08T21:42:03.208327+00:00,116.0091467530001,1.0049486960006107,2,12.2,2073604096,1405087744,668516352,668516352,32.2,4,True,0.0,0.0,125276160,,,[],[]
117,2026-10-08T21:42:04.205467+00:00,117.00628006399984,0.9971333109997431,2,12.3,2073604096,1405865984,667738112,667738112,32.2,4,True,0.0,0.0,125276160,,,[],[]
118,2026-10-08T21:42:05.200990+00:00,118.00145504200009,0.9951749780002501,2,12.8,2073604096,1405612032,667992064,667992064,32.2,4,True,0.0,0.0,125276160,,,[],[]
119,2026-10-08T21:42:06.201470+00:00,119.00155398399966,1.0000989419995676,2,1.0,2073604096,1405616128,667987968,667987968,32.2,4,True,0.9995246360774676,0.4997623180387338,125276160,,,[],[]
120,2026-10-08T21:42:07.200303+00:00,120.0012161120003,0.9996621280006366,2,9.3,2073604096,1409490944,664113152,664113152,32.0,4,True,0.0,0.0,125276160,,,[],[]
121,2026-10-08T21:42:08.202006+00:00,121.0029033740002,1.0016872619999049,2,11.4,2073604096,1408765952,664838144,664838144,32.1,4,True,1.996570783434482,0.998285391717241,125276160,,,[],[]
122,2026-10-08T21:42:09.201370+00:00,122.00183123900024,0.9989278650000415,2,12.3,2073604096,1408520192,665083904,665083904,32.1,4,True,0.0,0.0,125276160,,,[],[]
123,2026-10-08T21:42:10.200638+00:00,123.00113533399963,0.9993040949993883,2,6.7,2073604096,1408520192,665083904,665083904,32.1,4,True,0.0,0.0,125276160,,,[],[]
124,2026-10-08T21:42:11.208177+00:00,124.00908409899967,1.0079487650000374,2,4.1,2073604096,1408790528,664813568,664813568,32.1,4,True,0.0,0.0,125276160,,,[],[]
125,2026-10-08T21:42:12.200036+00:00,125.00066653700014,0.9915824380004779,2,10.0,2073604096,1408532480,665071616,665071616,32.1,4,True,0.0,0.0,125276160,,,[],[]
126,2026-10-08T21:42:13.200719+00:00,126.00118358300006,1.0005170459999135,2,11.5,2073604096,1408573440,665030656,665030656,32.1,4,True,0.0,0.0,125276160,,,[],[]
127,2026-10-08T21:42:14.201252+00:00,127.001560359,1.0003767759999391,2,12.4,2073604096,1409052672,664551424,664551424,32.0,4,True,0.0,0.0,125276160,,,[],[]
128,2026-10-08T21:42:15.205263+00:00,128.00588733299992,1.0043269739999232,2,0.0,2073604096,1409138688,664465408,664465408,32.0,4,True,0.9959800908925743,0.49799004544628717,125276160,,,[],[]
129,2026-10-08T21:42:16.206815+00:00,129.00760149599955,1.0017141629996331,2,11.9,2073604096,1413017600,660586496,660586496,31.9,4,True,0.0,0.0,125276160,,,[],[]
130,2026-10-08T21:42:17.208989+00:00,130.009862463,1.0022609670004385,2,10.9,2073604096,1412255744,661348352,661348352,31.9,4,True,0.9978500462593601,0.49892502312968007,125276160,,,[],[]
131,2026-10-08T21:42:18.209627+00:00,131.01020293700003,1.0003404740000406,2,16.2,2073604096,1412026368,661577728,661577728,31.9,4,True,0.0,0.0,125276160,,,[],[]
132,2026-10-08T21:42:19.200822+00:00,132.00120428900027,0.9910013520002394,2,2.6,2073604096,1412034560,661569536,661569536,31.9,4,True,0.0,0.0,125276160,,,[],[]
133,2026-10-08T21:42:20.199356+00:00,133.0001910840001,0.998986794999837,2,8.2,2073604096,1412046848,661557248,661557248,31.9,4,True,0.0,0.0,125276160,,,[],[]
134,2026-10-08T21:42:21.201173+00:00,134.00173823299974,1.0015471489996344,2,11.8,2073604096,1412055040,661549056,661549056,31.9,4,True,0.0,0.0,125276160,,,[],[]
135,2026-10-08T21:42:22.208003+00:00,135.0088033639995,1.007065130999763,2,12.7,2073604096,1412055040,661549056,661549056,31.9,4,True,0.0,0.0,125276160,,,[],[]
136,2026-10-08T21:42:23.200891+00:00,136.00149046099978,0.992687097000271,2,13.5,2073604096,1412145152,661458944,661458944,31.9,4,True,1.0071292514386325,0.5035646257193163,125276160,,,[],[]
137,2026-10-08T21:42:24.208458+00:00,137.00935928699982,1.007868826000049,2,1.5,2073604096,1412214784,661389312,661389312,31.9,4,True,0.0,0.0,125276160,,,[],[]
138,2026-10-08T21:42:25.201452+00:00,138.00192823499947,0.9925689479996436,2,11.0,2073604096,1413771264,659832832,659832832,31.8,4,True,0.0,0.0,125276160,,,[],[]
139,2026-10-08T21:42:26.200739+00:00,139.00152862699997,0.9996003920005023,2,12.2,2073604096,1416654848,656949248,656949248,31.7,4,True,0.0,0.0,125276160,,,[],[]
140,2026-10-08T21:42:27.203077+00:00,140.00388387899966,1.0023552519996883,2,11.3,2073604096,1417949184,655654912,655654912,31.6,4,True,1.994839704776557,0.9974198523882785,125276160,,,[],[]
141,2026-10-08T21:42:28.203669+00:00,141.004519092,1.0006352130003506,2,1.0,2073604096,1417695232,655908864,655908864,31.6,4,True,0.9994069948636788,0.4997034974318394,125276160,,,[],[]
142,2026-10-08T21:42:29.207108+00:00,142.0079896819998,1.003470589999779,2,10.7,2073604096,1413099520,660504576,660504576,31.9,4,True,0.0,0.0,125276160,,,[],[]
143,2026-10-08T21:42:30.200192+00:00,143.0011178169998,0.9931281350000063,2,11.9,2073604096,1417269248,656334848,656334848,31.7,4,True,0.0,0.0,125276160,,,[],[]
144,2026-10-08T21:42:31.202843+00:00,144.00371443599943,1.0025966189996325,2,11.3,2073604096,1415757824,657846272,657846272,31.7,4,True,0.0,0.0,125276160,,,[],[]
145,2026-10-08T21:42:32.201209+00:00,145.00126227300007,0.9975478370006385,2,2.6,2073604096,1415020544,658583552,658583552,31.8,4,True,0.0,0.0,125276160,,,[],[]
146,2026-10-08T21:42:33.203631+00:00,146.0045006599994,1.0032383869993282,2,8.2,2073604096,1418928128,654675968,654675968,31.6,4,True,0.0,0.0,125276160,,,[],[]
147,2026-10-08T21:42:34.199887+00:00,147.00079011700018,0.9962894570007848,2,11.8,2073604096,1415360512,658243584,658243584,31.7,4,True,0.0,0.0,125276160,,,[],[]
148,2026-10-08T21:42:35.206583+00:00,148.00742812799945,1.0066380109992679,2,10.8,2073604096,1415102464,658501632,658501632,31.8,4,True,0.9933316237556482,0.4966658118778241,125276160,,,[],[]
149,2026-10-08T21:42:36.202916+00:00,149.0036600229996,0.9962318950001645,2,8.3,2073604096,1415110656,658493440,658493440,31.8,4,True,0.0,0.0,125276160,,,[],[]
150,2026-10-08T21:42:37.200950+00:00,150.00162159899992,0.9979615760003071,2,1.5,2073604096,1415114752,658489344,658489344,31.8,4,True,1.0019721798382082,0.5009860899191041,125276160,,,[],[]
151,2026-10-08T21:42:38.206396+00:00,151.00724061100027,1.005619012000352,2,13.1,2073604096,1415385088,658219008,658219008,31.7,4,True,0.0,0.0,125276160,,,[],[]
152,2026-10-08T21:42:39.202234+00:00,152.003089371,0.995848759999717,2,11.4,2073604096,1413234688,660369408,660369408,31.8,4,True,0.0,0.0,125276160,,,[],[]
153,2026-10-08T21:42:40.205967+00:00,153.00674475599953,1.003655384999547,2,12.8,2073604096,1412755456,660848640,660848640,31.9,4,True,0.0,0.0,125276160,,,[],[]
154,2026-10-08T21:42:41.201460+00:00,154.00166105300013,0.9949162970006,2,1.5,2073604096,1412767744,660836352,660836352,31.9,4,True,0.0,0.0,125276160,,,[],[]
155,2026-10-08T21:42:42.207395+00:00,155.00825893,1.0065978769998765,2,10.7,2073604096,1412808704,660795392,660795392,31.9,4,True,0.0,0.0,125276160,,,[],[]
156,2026-10-08T21:42:43.201301+00:00,156.00186766000024,0.9936087300002328,2,23.8,2073604096,1395826688,677777408,677777408,32.7,4,True,0.0,0.0,125276160,,,[],[]
157,2026-10-08T21:42:44.199573+00:00,157.00017680899964,0.9983091489993967,2,7.7,2073604096,1395519488,678084608,678084608,32.7,4,True,0.0,0.0,125276160,,,[],[]
158,2026-10-08T21:42:45.201760+00:00,158.0026386439995,1.002461834999849,2,4.6,2073604096,1399267328,674336768,674336768,32.5,4,True,1.995668865728291,0.9978344328641455,125276160,,,[],[]
159,2026-10-08T21:42:46.201285+00:00,159.00170293999963,0.9990642960001423,2,13.2,2073604096,1398677504,674926592,674926592,32.5,4,True,0.0,0.0,125276160,,,[],[]
160,2026-10-08T21:42:47.324960+00:00,160.12586636200012,1.1241634220004926,2,10.9,2073604096,1400229888,673374208,673374208,32.5,4,True,0.0,0.0,125276160,,,[],[]
161,2026-10-08T21:42:48.202563+00:00,161.00336048000008,0.8774941179999587,2,14.6,2073604096,1400270848,673333248,673333248,32.5,4,True,0.0,0.0,125276160,,,[],[]
162,2026-10-08T21:42:49.200905+00:00,162.0012223140002,0.9978618340001049,2,3.7,2073604096,1400270848,673333248,673333248,32.5,4,True,1.001560508391806,0.500780254195903,125276160,,,[],[]
163,2026-10-08T21:42:50.201759+00:00,163.00264317500023,1.0014208610000424,2,10.3,2073604096,1400061952,673542144,673542144,32.5,4,True,0.0,0.0,125276160,,,[],[]
164,2026-10-08T21:42:51.201901+00:00,164.00192975400023,0.9992865789999996,2,12.3,2073604096,1400401920,673202176,673202176,32.5,4,True,0.0,0.0,125276160,,,[],[]
165,2026-10-08T21:42:52.206868+00:00,165.00753850299952,1.0056087489992933,2,10.4,2073604096,1400541184,673062912,673062912,32.5,4,True,0.0,0.0,125276160,,,[],[]
166,2026-10-08T21:42:53.201380+00:00,166.0018910939998,0.9943525910002791,2,4.7,2073604096,1400283136,673320960,673320960,32.5,4,True,1.0056163269599012,0.5028081634799506,125276160,,,[],[]
167,2026-10-08T21:42:54.201362+00:00,167.00189416400008,1.0000030700002753,2,9.2,2073604096,1400291328,673312768,673312768,32.5,4,True,1.0000213354546656,0.5000106677273328,125276160,,,[],[]
168,2026-10-08T21:42:55.201871+00:00,168.002301042,1.0004068779999216,2,12.3,2073604096,1400041472,673562624,673562624,32.5,4,True,0.0,0.0,125276160,,,[],[]
169,2026-10-08T21:42:56.201378+00:00,169.00190257899976,0.9996015369997622,2,11.9,2073604096,1404215296,669388800,669388800,32.3,4,True,0.0,0.0,125276160,,,[],[]
170,2026-10-08T21:42:57.204751+00:00,170.0014589020002,0.9995563230004336,2,11.2,2073604096,1403215872,670388224,670388224,32.3,4,True,0.0,0.0,125276160,,,[],[]
171,2026-10-08T21:42:58.201013+00:00,171.00112087300022,0.9996619710000232,2,0.0,2073604096,1403219968,670384128,670384128,32.3,4,True,0.0,0.0,125276160,,,[],[]
172,2026-10-08T21:42:59.210873+00:00,172.0116160030002,1.0104951299999811,2,12.2,2073604096,1403224064,670380032,670380032,32.3,4,True,0.0,0.0,125276160,,,[],[]
173,2026-10-08T21:43:00.214700+00:00,173.01560449499993,1.0039884919997348,2,11.8,2073604096,1403232256,670371840,670371840,32.3,4,True,0.0,0.0,125276160,,,[],[]
174,2026-10-08T21:43:01.201135+00:00,174.00188855899978,0.9862840639998467,2,13.0,2073604096,1403764736,669839360,669839360,32.3,4,True,1.0137325831798443,0.5068662915899221,125276160,,,[],[]
175,2026-10-08T21:43:02.200539+00:00,175.00124995500028,0.999361396000495,2,1.6,2073604096,1403842560,669761536,669761536,32.3,4,True,0.0,0.0,125276160,,,[],[]
176,2026-10-08T21:43:03.206709+00:00,176.00736601799963,1.0061160629993537,2,9.2,2073604096,1403846656,669757440,669757440,32.3,4,True,1.9877669207844875,0.9938834603922437,125276160,,,[],[]
177,2026-10-08T21:43:04.200324+00:00,177.0011980299996,0.9938320119999844,2,10.5,2073604096,1403850752,669753344,669753344,32.3,4,True,0.0,0.0,125276160,,,[],[]
178,2026-10-08T21:43:05.202635+00:00,178.003484029,1.002285999000378,2,11.8,2073604096,1403994112,669609984,669609984,32.3,4,True,0.0,0.0,125276160,,,[],[]
179,2026-10-08T21:43:06.200473+00:00,179.00113168899952,0.9976476599995294,2,9.7,2073604096,1403994112,669609984,669609984,32.3,4,True,0.0,0.0,125276160,,,[],[]
180,2026-10-08T21:43:07.205434+00:00,180.00595186099963,1.0048201720001089,2,2.0,2073604096,1404129280,669474816,669474816,32.3,4,True,0.0,0.0,125276160,,,[],[]
181,2026-10-08T21:43:08.208667+00:00,181.00953938800012,1.0035875270004908,2,11.3,2073604096,1403875328,669728768,669728768,32.3,4,True,0.9967761786384036,0.4983880893192018,125276160,,,[],[]
182,2026-10-08T21:43:09.200637+00:00,182.0015169369999,0.9919775489997846,2,11.5,2073604096,1403879424,669724672,669724672,32.3,4,True,0.0,0.0,125276160,,,[],[]
183,2026-10-08T21:43:10.200835+00:00,183.00171738300014,1.0002004460002354,2,10.9,2073604096,1403809792,669794304,669794304,32.3,4,True,0.0,0.0,125276160,,,[],[]
184,2026-10-08T21:43:11.201018+00:00,184.0012074669994,0.9994900839992624,2,2.0,2073604096,1403895808,669708288,669708288,32.3,4,True,0.9998275247536718,0.4999137623768359,125276160,,,[],[]
185,2026-10-08T21:43:12.205796+00:00,185.00671398699978,1.005506520000381,2,9.3,2073604096,1403908096,669696000,669696000,32.3,4,True,0.0,0.0,125276160,,,[],[]
186,2026-10-08T21:43:13.208124+00:00,186.0089021369995,1.0021881499997107,2,9.9,2073604096,1408327680,665276416,665276416,32.1,4,True,0.9976742706269007,0.49883713531345036,125276160,,,[],[]
187,2026-10-08T21:43:14.201211+00:00,187.00183718599965,0.9929350490001525,2,10.0,2073604096,1407070208,666533888,666533888,32.1,4,True,0.0,0.0,125276160,,,[],[]
188,2026-10-08T21:43:15.200609+00:00,188.0009328039996,0.9990956179999557,2,7.7,2073604096,1406812160,666791936,666791936,32.2,4,True,0.0,0.0,125276160,,,[],[]
189,2026-10-08T21:43:16.202834+00:00,189.00319292599943,1.002260121999825,2,4.6,2073604096,1406828544,666775552,666775552,32.2,4,True,0.0,0.0,125276160,,,[],[]
190,2026-10-08T21:43:17.201177+00:00,190.00176900799943,0.9985760819999996,2,11.5,2073604096,1406840832,666763264,666763264,32.2,4,True,1.00165099629476,0.50082549814738,125276160,,,[],[]
191,2026-10-08T21:43:18.203684+00:00,191.00452266999946,1.002753662000032,2,11.8,2073604096,1406590976,667013120,667013120,32.2,4,True,0.0,0.0,125276160,,,[],[]
192,2026-10-08T21:43:19.200815+00:00,192.00126679699952,0.9967441270000563,2,13.5,2073604096,1414848512,658755584,658755584,31.8,4,True,0.0,0.0,125276160,,,[],[]
193,2026-10-08T21:43:20.200656+00:00,193.00077211200005,0.9995053150005333,2,3.1,2073604096,1414369280,659234816,659234816,31.8,4,True,0.9993634943959282,0.4996817471979641,125276160,,,[],[]
194,2026-10-08T21:43:21.240000+00:00,194.04066840299947,1.0398962909994225,2,9.5,2073604096,1413869568,659734528,659734528,31.8,4,True,0.0,0.0,125276160,,,[],[]
195,2026-10-08T21:43:22.200717+00:00,195.00137952899968,0.9607111260002057,2,12.0,2073604096,1413619712,659984384,659984384,31.8,4,True,0.0,0.0,125276160,,,[],[]
196,2026-10-08T21:43:23.200065+00:00,196.0009446919994,0.9995651629997155,2,10.9,2073604096,1413627904,659976192,659976192,31.8,4,True,0.0,0.0,125276160,,,[],[]
197,2026-10-08T21:43:24.201186+00:00,197.0012395550002,1.0002948630008177,2,6.1,2073604096,1413627904,659976192,659976192,31.8,4,True,0.9988883471468301,0.49944417357341503,125276160,,,[],[]
198,2026-10-08T21:43:25.204167+00:00,198.00507076699978,1.003831211999568,2,8.2,2073604096,1413632000,659972096,659972096,31.8,4,True,0.0,0.0,125276160,,,[],[]
199,2026-10-08T21:43:26.201939+00:00,199.0025143369994,0.997443569999632,2,12.8,2073604096,1413644288,659959808,659959808,31.8,4,True,0.0,0.0,125276160,,,[],[]
