cenario,aplicacao,usuarios,repeticoes,metrica,unidade,campo_origem,dispositivo,n_validos,ausentes,media,desvio_padrao_amostral,minimo,maximo
C2,cpu,1,3,vazao_rps,req/s,vazao_calculada_janela_rps,,3,0,3.835277227199692,0.02863802869532359,3.802264919648172,3.853449919347969
C2,cpu,1,3,latencia_media_ms,ms,latencia_media_calculada_janela_ms,,3,0,259.0312343265282,2.530913399848694,257.5036135955056,261.95265999930496
C2,cpu,1,3,p95_ms,ms,p95_janela_ms,,3,0,272.06796666723676,3.607581219910302,268.16830001189373,275.2862999914214
C2,cpu,1,3,falhas,requisições,falhas_janela,,3,0,0.0,0.0,0.0,0.0
C2,cpu,1,3,cpu_arvore_pct,% capacidade VM,cpu_arvore_capacidade_pct_media,,3,0,98.51992711856902,0.02664435985670716,98.49870122614044,98.54982783370902
C2,cpu,1,3,cpu_global_pct,% capacidade VM; diagnóstico,cpu_vm_pct_media,,3,0,99.83793103448276,0.032894455221277,99.8,99.85862068965517
C2,cpu,1,3,ram_vm_mib,MiB,ram_usada_bytes_media,,3,0,439.57635147270116,4.472713463610729,434.60297683189657,443.26899245689657
C2,cpu,1,3,ram_disponivel_mib,MiB,ram_disponivel_bytes_media,,3,0,1538.2088047772988,4.472713463610721,1534.5161637931035,1543.1821794181035
C2,cpu,1,3,rss_arvore_mib,MiB; soma RSS,rss_soma_bytes_media,,3,0,42.8515625,0.0,42.8515625,42.8515625
C2,cpu,1,3,rss_pico_mib,MiB; pico amostrado da soma RSS,rss_soma_bytes_max,,3,0,42.8515625,0.0,42.8515625,42.8515625
C2,cpu,1,3,uss_arvore_mib,MiB; soma USS,uss_soma_bytes_media,,0,3,,,,
C2,cpu,1,3,pss_arvore_mib,MiB; soma PSS,pss_soma_bytes_media,,0,3,,,,
C2,cpu,2,3,vazao_rps,req/s,vazao_calculada_janela_rps,,3,0,3.827381424433966,0.021917145379188447,3.8085084007316605,3.851419922239832
C2,cpu,2,3,latencia_media_ms,ms,latencia_media_calculada_janela_ms,,3,0,518.6358214946698,2.4546007699422585,515.9399995615802,520.7416724447264
C2,cpu,2,3,p95_ms,ms,p95_janela_ms,,3,0,553.5875999970207,4.495255556285727,548.4013999812305,556.3673000142444
C2,cpu,2,3,falhas,requisições,falhas_janela,,3,0,0.0,0.0,0.0,0.0
C2,cpu,2,3,cpu_arvore_pct,% capacidade VM,cpu_arvore_capacidade_pct_media,,3,0,98.74959136920397,0.02706357106776406,98.72393412930542,98.77787043929332
C2,cpu,2,3,cpu_global_pct,% capacidade VM; diagnóstico,cpu_vm_pct_media,,3,0,100.0,0.0,100.0,100.0
C2,cpu,2,3,ram_vm_mib,MiB,ram_usada_bytes_media,,3,0,444.85847701149424,0.47685956470273083,444.32125538793105,445.23168103448273
C2,cpu,2,3,ram_disponivel_mib,MiB,ram_disponivel_bytes_media,,3,0,1532.9266792385058,0.4768595647028367,1532.5534752155172,1533.463900862069
C2,cpu,2,3,rss_arvore_mib,MiB; soma RSS,rss_soma_bytes_media,,3,0,43.315104166666664,0.1412925417591843,43.15234375,43.40625
C2,cpu,2,3,rss_pico_mib,MiB; pico amostrado da soma RSS,rss_soma_bytes_max,,3,0,43.315104166666664,0.1412925417591843,43.15234375,43.40625
C2,cpu,2,3,uss_arvore_mib,MiB; soma USS,uss_soma_bytes_media,,0,3,,,,
C2,cpu,2,3,pss_arvore_mib,MiB; soma PSS,pss_soma_bytes_media,,0,3,,,,
C2,cpu,5,3,vazao_rps,req/s,vazao_calculada_janela_rps,,3,0,3.549833488266133,0.29306919050393215,3.2280701754385963,3.8014941527782313
C2,cpu,5,3,latencia_media_ms,ms,latencia_media_calculada_janela_ms,,3,0,1398.5907103731151,115.18353699567517,1303.7828026661493,1526.7773521739834
C2,cpu,5,3,p95_ms,ms,p95_janela_ms,,3,0,1711.460366670508,258.84102864107706,1436.2327000126243,1949.9998000101186
C2,cpu,5,3,falhas,requisições,falhas_janela,,3,0,0.0,0.0,0.0,0.0
C2,cpu,5,3,cpu_arvore_pct,% capacidade VM,cpu_arvore_capacidade_pct_media,,3,0,98.5885018519699,0.2396591514865154,98.33152393135128,98.80591926738295
C2,cpu,5,3,cpu_global_pct,% capacidade VM; diagnóstico,cpu_vm_pct_media,,3,0,100.0,0.0,100.0,100.0
C2,cpu,5,3,ram_vm_mib,MiB,ram_usada_bytes_media,,3,0,445.39337829690066,0.30856811955612423,445.0476831896552,445.64096174568965
C2,cpu,5,3,ram_disponivel_mib,MiB,ram_disponivel_bytes_media,,3,0,1532.3917779530993,0.3085681195561927,1532.1441945043102,1532.7374730603449
C2,cpu,5,3,rss_arvore_mib,MiB; soma RSS,rss_soma_bytes_media,,3,0,43.703125,0.0358013726168425,43.6640625,43.734375
C2,cpu,5,3,rss_pico_mib,MiB; pico amostrado da soma RSS,rss_soma_bytes_max,,3,0,43.703125,0.0358013726168425,43.6640625,43.734375
C2,cpu,5,3,uss_arvore_mib,MiB; soma USS,uss_soma_bytes_media,,0,3,,,,
C2,cpu,5,3,pss_arvore_mib,MiB; soma PSS,pss_soma_bytes_media,,0,3,,,,
C2,cpu,10,3,vazao_rps,req/s,vazao_calculada_janela_rps,,3,0,3.4836382693017636,0.09329775653169814,3.3949884632887057,3.580976192352744
C2,cpu,10,3,latencia_media_ms,ms,latencia_media_calculada_janela_ms,,3,0,2793.5017134174377,90.39268922022389,2712.9023108496285,2891.2352069646795
C2,cpu,10,3,p95_ms,ms,p95_janela_ms,,3,0,3465.4531999937412,136.89369493246693,3318.750300008105,3589.7808999870904
C2,cpu,10,3,falhas,requisições,falhas_janela,,3,0,0.0,0.0,0.0,0.0
C2,cpu,10,3,cpu_arvore_pct,% capacidade VM,cpu_arvore_capacidade_pct_media,,3,0,98.59686746414256,0.06110678401950995,98.54640900771304,98.66481082566551
C2,cpu,10,3,cpu_global_pct,% capacidade VM; diagnóstico,cpu_vm_pct_media,,3,0,100.0,0.0,100.0,100.0
C2,cpu,10,3,ram_vm_mib,MiB,ram_usada_bytes_media,,3,0,446.57834949712645,0.7155978901316609,445.8139816810345,447.2323545258621
C2,cpu,10,3,ram_disponivel_mib,MiB,ram_disponivel_bytes_media,,3,0,1531.2068067528735,0.7155978901316956,1530.552801724138,1531.9711745689656
C2,cpu,10,3,rss_arvore_mib,MiB; soma RSS,rss_soma_bytes_media,,3,0,44.177083333333336,0.16017212827793523,43.9921875,44.2734375
C2,cpu,10,3,rss_pico_mib,MiB; pico amostrado da soma RSS,rss_soma_bytes_max,,3,0,44.177083333333336,0.16017212827793523,43.9921875,44.2734375
C2,cpu,10,3,uss_arvore_mib,MiB; soma USS,uss_soma_bytes_media,,0,3,,,,
C2,cpu,10,3,pss_arvore_mib,MiB; soma PSS,pss_soma_bytes_media,,0,3,,,,
C2,io,1,3,vazao_rps,req/s,vazao_calculada_janela_rps,,3,0,5.429314387937981,0.03588687030428537,5.402437258921513,5.4700674616329215
C2,io,1,3,latencia_media_ms,ms,latencia_media_calculada_janela_ms,,3,0,182.93960446822848,1.2007064344383929,181.6961348760495,184.0924075007024
C2,io,1,3,p95_ms,ms,p95_janela_ms,,3,0,256.2530333428488,4.132553299743893,251.54540000949055,259.2826000181958
C2,io,1,3,falhas,requisições,falhas_janela,,3,0,0.0,0.0,0.0,0.0
C2,io,1,3,cpu_arvore_pct,% capacidade VM,cpu_arvore_capacidade_pct_media,,3,0,11.884659786559824,0.14019927603213456,11.722771970698181,11.965900858746023
C2,io,1,3,cpu_global_pct,% capacidade VM; diagnóstico,cpu_vm_pct_media,,3,0,14.450000000000001,0.2363578676861059,14.179310344827586,14.615517241379312
C2,io,1,3,ram_vm_mib,MiB,ram_usada_bytes_media,,3,0,435.6199263649425,1.3198587160056523,434.38907596982756,437.013671875
C2,io,1,3,ram_disponivel_mib,MiB,ram_disponivel_bytes_media,,3,0,1542.1652298850574,1.3198587160055992,1540.771484375,1543.3960802801723
C2,io,1,3,rss_arvore_mib,MiB; soma RSS,rss_soma_bytes_media,,3,0,43.22265625,0.1488481162754504,43.13671875,43.39453125
C2,io,1,3,rss_pico_mib,MiB; pico amostrado da soma RSS,rss_soma_bytes_max,,3,0,43.22265625,0.1488481162754504,43.13671875,43.39453125
C2,io,1,3,uss_arvore_mib,MiB; soma USS,uss_soma_bytes_media,,3,0,30.249259159482758,0.041307099134303325,30.210870150862068,30.29296875
C2,io,1,3,pss_arvore_mib,MiB; soma PSS,pss_soma_bytes_media,,3,0,33.06078259698276,0.047134437448700425,33.01653421336207,33.1103515625
C2,io,1,3,escrita_mib_s,MiB/s; dispositivo VM,escrita_bytes_s_media,sda,3,0,54.790210717761276,0.42240705989834576,54.39398653772634,55.23466103789883
C2,io,1,3,escrita_total_mib,MiB; dispositivo VM,escrita_bytes_delta_soma,sda,3,0,3177.7265625,24.50400557179377,3154.6953125,3203.4765625
C2,io,1,3,escritas_operacoes,operações; dispositivo VM,escritas_delta_soma,sda,3,0,7050.666666666667,54.68394036034102,7007.0,7112.0
C2,io,1,3,disco_ocupado_ms,ms; dispositivo VM,ocupado_ms_delta_soma,sda,3,0,55550.666666666664,214.861195503826,55396.0,55796.0
C2,io,2,3,vazao_rps,req/s,vazao_calculada_janela_rps,,3,0,5.732093576406515,0.08891516344964222,5.629600391522647,5.788561909989826
C2,io,2,3,latencia_media_ms,ms,latencia_media_calculada_janela_ms,,3,0,346.92337676370136,5.972849449271658,342.4680213451083,353.7103621632262
C2,io,2,3,p95_ms,ms,p95_janela_ms,,3,0,438.2642999989912,24.531123113644984,410.0629000167828,454.66429999214597
C2,io,2,3,falhas,requisições,falhas_janela,,3,0,0.0,0.0,0.0,0.0
C2,io,2,3,cpu_arvore_pct,% capacidade VM,cpu_arvore_capacidade_pct_media,,3,0,12.83923508244952,0.6107931286473492,12.29408850250496,13.499338565805335
C2,io,2,3,cpu_global_pct,% capacidade VM; diagnóstico,cpu_vm_pct_media,,3,0,16.11551724137931,0.8540802258012055,15.28103448275862,16.98793103448276
C2,io,2,3,ram_vm_mib,MiB,ram_usada_bytes_media,,3,0,427.4095052083333,0.44478556388534607,427.0317214439655,427.8997171336207
C2,io,2,3,ram_disponivel_mib,MiB,ram_disponivel_bytes_media,,3,0,1550.3756510416667,0.44478556388532914,1549.8854391163793,1550.7534348060344
C2,io,2,3,rss_arvore_mib,MiB; soma RSS,rss_soma_bytes_media,,3,0,43.694010416666664,0.31113798237360996,43.39453125,44.015625
C2,io,2,3,rss_pico_mib,MiB; pico amostrado da soma RSS,rss_soma_bytes_max,,3,0,43.694010416666664,0.31113798237360996,43.39453125,44.015625
C2,io,2,3,uss_arvore_mib,MiB; soma USS,uss_soma_bytes_media,,3,0,30.616379310344826,0.02416623715526766,30.588631465517242,30.6328125
C2,io,2,3,pss_arvore_mib,MiB; soma PSS,pss_soma_bytes_media,,3,0,33.43538972701149,0.028823037785274782,33.40210802801724,33.4521484375
C2,io,2,3,escrita_mib_s,MiB/s; dispositivo VM,escrita_bytes_s_media,sda,3,0,57.74826598614694,1.031109726240716,56.57896867332597,58.527195658666685
C2,io,2,3,escrita_total_mib,MiB; dispositivo VM,escrita_bytes_delta_soma,sda,3,0,3349.18359375,59.91777864502243,3281.22265625,3394.39453125
C2,io,2,3,escritas_operacoes,operações; dispositivo VM,escritas_delta_soma,sda,3,0,7428.333333333333,137.82718648123574,7273.0,7536.0
C2,io,2,3,disco_ocupado_ms,ms; dispositivo VM,ocupado_ms_delta_soma,sda,3,0,55264.0,394.9886074306448,54900.0,55684.0
C2,memoria,1,3,vazao_rps,req/s,vazao_calculada_janela_rps,,3,0,0.9626865924870941,0.0002754634438203797,0.9624117917934538,0.9629627139316698
C2,memoria,1,3,latencia_media_ms,ms,latencia_media_calculada_janela_ms,,3,0,1026.511442688755,0.06420725106676044,1026.4640999978342,1026.5845263130725
C2,memoria,1,3,p95_ms,ms,p95_janela_ms,,3,0,1029.9121000086113,0.7762395600164141,1029.0243000199553,1030.46280000126
C2,memoria,1,3,falhas,requisições,falhas_janela,,3,0,0.0,0.0,0.0,0.0
C2,memoria,1,3,cpu_arvore_pct,% capacidade VM,cpu_arvore_capacidade_pct_media,,3,0,2.4857509614657656,0.04394394483191452,2.448253111519081,2.5341056920255514
C2,memoria,1,3,cpu_global_pct,% capacidade VM; diagnóstico,cpu_vm_pct_media,,3,0,1.76524449639587,0.08413537681954421,1.6793103448275863,1.847457627118644
C2,memoria,1,3,ram_vm_mib,MiB,ram_usada_bytes_media,,3,0,471.13146285371613,0.14818355773280636,470.96530720338984,471.2499326508621
C2,memoria,1,3,ram_disponivel_mib,MiB,ram_disponivel_bytes_media,,3,0,1506.653693396284,0.14818355773282907,1506.535223599138,1506.8198490466102
C2,memoria,1,3,rss_arvore_mib,MiB; soma RSS,rss_soma_bytes_media,,3,0,92.81809073945549,0.4350612325130722,92.31795528017241,93.10910560344827
C2,memoria,1,3,rss_pico_mib,MiB; pico amostrado da soma RSS,rss_soma_bytes_max,,3,0,93.17578125,0.0,93.17578125,93.17578125
C2,memoria,1,3,uss_arvore_mib,MiB; soma USS,uss_soma_bytes_media,,3,0,79.69055125840153,0.47713276849062386,79.14311691810344,80.01804956896552
C2,memoria,1,3,pss_arvore_mib,MiB; soma PSS,pss_soma_bytes_media,,3,0,82.52779084173486,0.4775801166991587,81.98003098060344,82.85691675646552
C2,memoria,2,3,vazao_rps,req/s,vazao_calculada_janela_rps,,3,0,1.9247717946980334,0.0010654211012990483,1.9238284429023664,1.9259273475331167
C2,memoria,2,3,latencia_media_ms,ms,latencia_media_calculada_janela_ms,,3,0,1028.3181426891947,1.4347922366577441,1027.0182421040852,1029.8576561408322
C2,memoria,2,3,p95_ms,ms,p95_janela_ms,,3,0,1037.8586333439064,5.198788421538161,1034.055600001011,1043.7826000270434
C2,memoria,2,3,falhas,requisições,falhas_janela,,3,0,0.0,0.0,0.0,0.0
C2,memoria,2,3,cpu_arvore_pct,% capacidade VM,cpu_arvore_capacidade_pct_media,,3,0,4.791191577012669,0.010054240666844008,4.779640043449389,4.797971987830335
C2,memoria,2,3,cpu_global_pct,% capacidade VM; diagnóstico,cpu_vm_pct_media,,3,0,3.2474576271186444,0.02462006618022716,3.2220338983050847,3.2711864406779663
C2,memoria,2,3,ram_vm_mib,MiB,ram_usada_bytes_media,,3,0,520.3280367231638,0.30340080066809516,519.9932468220339,520.5848119703389
C2,memoria,2,3,ram_disponivel_mib,MiB,ram_disponivel_bytes_media,,3,0,1457.4571195268363,0.3034008006681725,1457.200344279661,1457.7919094279662
C2,memoria,2,3,rss_arvore_mib,MiB; soma RSS,rss_soma_bytes_media,,3,0,140.98477224576274,0.39191675755634847,140.59242584745763,141.37625794491527
C2,memoria,2,3,rss_pico_mib,MiB; pico amostrado da soma RSS,rss_soma_bytes_max,,3,0,143.29036458333334,0.07216878364870322,143.20703125,143.33203125
C2,memoria,2,3,uss_arvore_mib,MiB; soma USS,uss_soma_bytes_media,,3,0,127.82702153954801,0.4315397560486572,127.40174788135593,128.2645656779661
C2,memoria,2,3,pss_arvore_mib,MiB; soma PSS,pss_soma_bytes_media,,3,0,130.68867518538136,0.4282294700262229,130.26893538135593,131.1249172404661
C2,memoria,3,3,vazao_rps,req/s,vazao_calculada_janela_rps,,3,0,2.887116181313967,0.001537129788766494,2.8858744495764066,2.8888353844289814
C2,memoria,3,3,latencia_media_ms,ms,latencia_media_calculada_janela_ms,,3,0,1030.350864911293,1.3507540104083333,1029.4800906415555,1031.9068994148763
C2,memoria,3,3,p95_ms,ms,p95_janela_ms,,3,0,1056.0553999966942,5.814284497539677,1051.9460999930743,1062.7080000122078
C2,memoria,3,3,falhas,requisições,falhas_janela,,3,0,0.0,0.0,0.0,0.0
C2,memoria,3,3,cpu_arvore_pct,% capacidade VM,cpu_arvore_capacidade_pct_media,,3,0,7.444492872788728,0.1682631455580672,7.258439270863683,7.586001928867251
C2,memoria,3,3,cpu_global_pct,% capacidade VM; diagnóstico,cpu_vm_pct_media,,3,0,5.106146503019677,0.3293161967447675,4.732758620689655,5.355172413793104
C2,memoria,3,3,ram_vm_mib,MiB,ram_usada_bytes_media,,3,0,571.1083434547292,0.18196036652077308,570.9214709051724,571.2849576271186
C2,memoria,3,3,ram_disponivel_mib,MiB,ram_disponivel_bytes_media,,3,0,1406.676812795271,0.18196036652088662,1406.5001986228813,1406.8636853448277
C2,memoria,3,3,rss_arvore_mib,MiB; soma RSS,rss_soma_bytes_media,,3,0,191.79791986289695,1.1541440205106637,190.53535829741378,192.7986626059322
C2,memoria,3,3,rss_pico_mib,MiB; pico amostrado da soma RSS,rss_soma_bytes_max,,3,0,193.11328125,0.0,193.11328125,193.11328125
C2,memoria,3,3,uss_arvore_mib,MiB; soma USS,uss_soma_bytes_media,,3,0,178.98641297730373,1.154901794947961,177.7217807112069,179.98523569915255
C2,memoria,3,3,pss_arvore_mib,MiB; soma PSS,pss_soma_bytes_media,,3,0,181.84774110230373,1.1513226173509203,180.5909213362069,182.85144663665255
