aplicacao,usuarios,repeticao_logica,repeticao,aviso
cpu,1,1,4001,"Métricas snapshot são do CSV acumulado exportado, não necessariamente do encerramento nem da janela recortada."
cpu,1,1,4001,Correção estimada de relógio: assume offset constante; incerteza de rede não cobre deriva posterior.
cpu,1,1,4001,Sincronização dos relógios não confirmada: alinhamento UTC é provisório.
cpu,1,1,4001,CPU global: contadores totais /proc/stat divergem da capacidade monotônica esperada (>5%); fontes não reconciliadas.
cpu,1,1,4001,CPU global: tempo ocupado /proc/stat menor que tempo da árvore em intervalos próximos; leituras sequenciais e fontes incompatíveis exigem investigação.
cpu,1,1,4001,uss_soma_bytes: 58 valores ausentes/inválidos na janela.
cpu,1,1,4001,pss_soma_bytes: 58 valores ausentes/inválidos na janela.
cpu,1,1,4001,Métrica ausente: uss_arvore_mib; não imputada.
cpu,1,1,4001,Métrica ausente: pss_arvore_mib; não imputada.
cpu,1,2,4002,"Métricas snapshot são do CSV acumulado exportado, não necessariamente do encerramento nem da janela recortada."
cpu,1,2,4002,Correção estimada de relógio: assume offset constante; incerteza de rede não cobre deriva posterior.
cpu,1,2,4002,Sincronização dos relógios não confirmada: alinhamento UTC é provisório.
cpu,1,2,4002,CPU global: contadores totais /proc/stat divergem da capacidade monotônica esperada (>5%); fontes não reconciliadas.
cpu,1,2,4002,CPU global: tempo ocupado /proc/stat menor que tempo da árvore em intervalos próximos; leituras sequenciais e fontes incompatíveis exigem investigação.
cpu,1,2,4002,uss_soma_bytes: 58 valores ausentes/inválidos na janela.
cpu,1,2,4002,pss_soma_bytes: 58 valores ausentes/inválidos na janela.
cpu,1,2,4002,Métrica ausente: uss_arvore_mib; não imputada.
cpu,1,2,4002,Métrica ausente: pss_arvore_mib; não imputada.
cpu,1,3,4003,"Métricas snapshot são do CSV acumulado exportado, não necessariamente do encerramento nem da janela recortada."
cpu,1,3,4003,Correção estimada de relógio: assume offset constante; incerteza de rede não cobre deriva posterior.
cpu,1,3,4003,Sincronização dos relógios não confirmada: alinhamento UTC é provisório.
cpu,1,3,4003,CPU global: contadores totais /proc/stat divergem da capacidade monotônica esperada (>5%); fontes não reconciliadas.
cpu,1,3,4003,CPU global: tempo ocupado /proc/stat menor que tempo da árvore em intervalos próximos; leituras sequenciais e fontes incompatíveis exigem investigação.
cpu,1,3,4003,uss_soma_bytes: 58 valores ausentes/inválidos na janela.
cpu,1,3,4003,pss_soma_bytes: 58 valores ausentes/inválidos na janela.
cpu,1,3,4003,Métrica ausente: uss_arvore_mib; não imputada.
cpu,1,3,4003,Métrica ausente: pss_arvore_mib; não imputada.
cpu,2,1,4001,"Métricas snapshot são do CSV acumulado exportado, não necessariamente do encerramento nem da janela recortada."
cpu,2,1,4001,Correção estimada de relógio: assume offset constante; incerteza de rede não cobre deriva posterior.
cpu,2,1,4001,Sincronização dos relógios não confirmada: alinhamento UTC é provisório.
cpu,2,1,4001,CPU global: contadores totais /proc/stat divergem da capacidade monotônica esperada (>5%); fontes não reconciliadas.
cpu,2,1,4001,CPU global: tempo ocupado /proc/stat menor que tempo da árvore em intervalos próximos; leituras sequenciais e fontes incompatíveis exigem investigação.
cpu,2,1,4001,uss_soma_bytes: 58 valores ausentes/inválidos na janela.
cpu,2,1,4001,pss_soma_bytes: 58 valores ausentes/inválidos na janela.
cpu,2,1,4001,Métrica ausente: uss_arvore_mib; não imputada.
cpu,2,1,4001,Métrica ausente: pss_arvore_mib; não imputada.
cpu,2,2,4002,"Métricas snapshot são do CSV acumulado exportado, não necessariamente do encerramento nem da janela recortada."
cpu,2,2,4002,Correção estimada de relógio: assume offset constante; incerteza de rede não cobre deriva posterior.
cpu,2,2,4002,Sincronização dos relógios não confirmada: alinhamento UTC é provisório.
cpu,2,2,4002,CPU global: contadores totais /proc/stat divergem da capacidade monotônica esperada (>5%); fontes não reconciliadas.
cpu,2,2,4002,CPU global: tempo ocupado /proc/stat menor que tempo da árvore em intervalos próximos; leituras sequenciais e fontes incompatíveis exigem investigação.
cpu,2,2,4002,uss_soma_bytes: 58 valores ausentes/inválidos na janela.
cpu,2,2,4002,pss_soma_bytes: 58 valores ausentes/inválidos na janela.
cpu,2,2,4002,Métrica ausente: uss_arvore_mib; não imputada.
cpu,2,2,4002,Métrica ausente: pss_arvore_mib; não imputada.
cpu,2,3,4003,"Métricas snapshot são do CSV acumulado exportado, não necessariamente do encerramento nem da janela recortada."
cpu,2,3,4003,Correção estimada de relógio: assume offset constante; incerteza de rede não cobre deriva posterior.
cpu,2,3,4003,Sincronização dos relógios não confirmada: alinhamento UTC é provisório.
cpu,2,3,4003,CPU global: contadores totais /proc/stat divergem da capacidade monotônica esperada (>5%); fontes não reconciliadas.
cpu,2,3,4003,CPU global: tempo ocupado /proc/stat menor que tempo da árvore em intervalos próximos; leituras sequenciais e fontes incompatíveis exigem investigação.
cpu,2,3,4003,uss_soma_bytes: 58 valores ausentes/inválidos na janela.
cpu,2,3,4003,pss_soma_bytes: 58 valores ausentes/inválidos na janela.
cpu,2,3,4003,Métrica ausente: uss_arvore_mib; não imputada.
cpu,2,3,4003,Métrica ausente: pss_arvore_mib; não imputada.
cpu,5,1,4001,"Métricas snapshot são do CSV acumulado exportado, não necessariamente do encerramento nem da janela recortada."
cpu,5,1,4001,Correção estimada de relógio: assume offset constante; incerteza de rede não cobre deriva posterior.
cpu,5,1,4001,Sincronização dos relógios não confirmada: alinhamento UTC é provisório.
cpu,5,1,4001,CPU global: contadores totais /proc/stat divergem da capacidade monotônica esperada (>5%); fontes não reconciliadas.
cpu,5,1,4001,CPU global: tempo ocupado /proc/stat menor que tempo da árvore em intervalos próximos; leituras sequenciais e fontes incompatíveis exigem investigação.
cpu,5,1,4001,uss_soma_bytes: 58 valores ausentes/inválidos na janela.
cpu,5,1,4001,pss_soma_bytes: 58 valores ausentes/inválidos na janela.
cpu,5,1,4001,Métrica ausente: uss_arvore_mib; não imputada.
cpu,5,1,4001,Métrica ausente: pss_arvore_mib; não imputada.
cpu,5,2,4002,"Métricas snapshot são do CSV acumulado exportado, não necessariamente do encerramento nem da janela recortada."
cpu,5,2,4002,Correção estimada de relógio: assume offset constante; incerteza de rede não cobre deriva posterior.
cpu,5,2,4002,Sincronização dos relógios não confirmada: alinhamento UTC é provisório.
cpu,5,2,4002,CPU global: contadores totais /proc/stat divergem da capacidade monotônica esperada (>5%); fontes não reconciliadas.
cpu,5,2,4002,CPU global: tempo ocupado /proc/stat menor que tempo da árvore em intervalos próximos; leituras sequenciais e fontes incompatíveis exigem investigação.
cpu,5,2,4002,uss_soma_bytes: 58 valores ausentes/inválidos na janela.
cpu,5,2,4002,pss_soma_bytes: 58 valores ausentes/inválidos na janela.
cpu,5,2,4002,Métrica ausente: uss_arvore_mib; não imputada.
cpu,5,2,4002,Métrica ausente: pss_arvore_mib; não imputada.
cpu,5,3,4003,"Métricas snapshot são do CSV acumulado exportado, não necessariamente do encerramento nem da janela recortada."
cpu,5,3,4003,Queda de usuários: janela encerrada antes da queda.
cpu,5,3,4003,Correção estimada de relógio: assume offset constante; incerteza de rede não cobre deriva posterior.
cpu,5,3,4003,Sincronização dos relógios não confirmada: alinhamento UTC é provisório.
cpu,5,3,4003,Latências recortadas ao segmento estável do histórico após queda de usuários.
cpu,5,3,4003,CPU global: contadores totais /proc/stat divergem da capacidade monotônica esperada (>5%); fontes não reconciliadas.
cpu,5,3,4003,CPU global: tempo ocupado /proc/stat menor que tempo da árvore em intervalos próximos; leituras sequenciais e fontes incompatíveis exigem investigação.
cpu,5,3,4003,uss_soma_bytes: 56 valores ausentes/inválidos na janela.
cpu,5,3,4003,pss_soma_bytes: 56 valores ausentes/inválidos na janela.
cpu,5,3,4003,Métrica ausente: uss_arvore_mib; não imputada.
cpu,5,3,4003,Métrica ausente: pss_arvore_mib; não imputada.
cpu,10,1,4001,"Métricas snapshot são do CSV acumulado exportado, não necessariamente do encerramento nem da janela recortada."
cpu,10,1,4001,Correção estimada de relógio: assume offset constante; incerteza de rede não cobre deriva posterior.
cpu,10,1,4001,Sincronização dos relógios não confirmada: alinhamento UTC é provisório.
cpu,10,1,4001,CPU global: contadores totais /proc/stat divergem da capacidade monotônica esperada (>5%); fontes não reconciliadas.
cpu,10,1,4001,CPU global: tempo ocupado /proc/stat menor que tempo da árvore em intervalos próximos; leituras sequenciais e fontes incompatíveis exigem investigação.
cpu,10,1,4001,uss_soma_bytes: 58 valores ausentes/inválidos na janela.
cpu,10,1,4001,pss_soma_bytes: 58 valores ausentes/inválidos na janela.
cpu,10,1,4001,Métrica ausente: uss_arvore_mib; não imputada.
cpu,10,1,4001,Métrica ausente: pss_arvore_mib; não imputada.
cpu,10,2,4002,"Métricas snapshot são do CSV acumulado exportado, não necessariamente do encerramento nem da janela recortada."
cpu,10,2,4002,Correção estimada de relógio: assume offset constante; incerteza de rede não cobre deriva posterior.
cpu,10,2,4002,Sincronização dos relógios não confirmada: alinhamento UTC é provisório.
cpu,10,2,4002,CPU global: contadores totais /proc/stat divergem da capacidade monotônica esperada (>5%); fontes não reconciliadas.
cpu,10,2,4002,CPU global: tempo ocupado /proc/stat menor que tempo da árvore em intervalos próximos; leituras sequenciais e fontes incompatíveis exigem investigação.
cpu,10,2,4002,uss_soma_bytes: 58 valores ausentes/inválidos na janela.
cpu,10,2,4002,pss_soma_bytes: 58 valores ausentes/inválidos na janela.
cpu,10,2,4002,Métrica ausente: uss_arvore_mib; não imputada.
cpu,10,2,4002,Métrica ausente: pss_arvore_mib; não imputada.
cpu,10,3,4003,"Métricas snapshot são do CSV acumulado exportado, não necessariamente do encerramento nem da janela recortada."
cpu,10,3,4003,Correção estimada de relógio: assume offset constante; incerteza de rede não cobre deriva posterior.
cpu,10,3,4003,Sincronização dos relógios não confirmada: alinhamento UTC é provisório.
cpu,10,3,4003,CPU global: contadores totais /proc/stat divergem da capacidade monotônica esperada (>5%); fontes não reconciliadas.
cpu,10,3,4003,CPU global: tempo ocupado /proc/stat menor que tempo da árvore em intervalos próximos; leituras sequenciais e fontes incompatíveis exigem investigação.
cpu,10,3,4003,uss_soma_bytes: 58 valores ausentes/inválidos na janela.
cpu,10,3,4003,pss_soma_bytes: 58 valores ausentes/inválidos na janela.
cpu,10,3,4003,Métrica ausente: uss_arvore_mib; não imputada.
cpu,10,3,4003,Métrica ausente: pss_arvore_mib; não imputada.
io,1,1,4001,"Métricas snapshot são do CSV acumulado exportado, não necessariamente do encerramento nem da janela recortada."
io,1,1,4001,Correção estimada de relógio: assume offset constante; incerteza de rede não cobre deriva posterior.
io,1,1,4001,Sincronização dos relógios não confirmada: alinhamento UTC é provisório.
io,1,1,4001,"Discos: atividade por dispositivo da VM inteira, incluindo monitoramento/cache; não atribuída à aplicação nem somada entre partições/discos."
io,1,2,4002,"Métricas snapshot são do CSV acumulado exportado, não necessariamente do encerramento nem da janela recortada."
io,1,2,4002,Correção estimada de relógio: assume offset constante; incerteza de rede não cobre deriva posterior.
io,1,2,4002,Sincronização dos relógios não confirmada: alinhamento UTC é provisório.
io,1,2,4002,"Discos: atividade por dispositivo da VM inteira, incluindo monitoramento/cache; não atribuída à aplicação nem somada entre partições/discos."
io,1,3,4003,"Métricas snapshot são do CSV acumulado exportado, não necessariamente do encerramento nem da janela recortada."
io,1,3,4003,Correção estimada de relógio: assume offset constante; incerteza de rede não cobre deriva posterior.
io,1,3,4003,Sincronização dos relógios não confirmada: alinhamento UTC é provisório.
io,1,3,4003,"Discos: atividade por dispositivo da VM inteira, incluindo monitoramento/cache; não atribuída à aplicação nem somada entre partições/discos."
io,2,1,4001,"Métricas snapshot são do CSV acumulado exportado, não necessariamente do encerramento nem da janela recortada."
io,2,1,4001,Correção estimada de relógio: assume offset constante; incerteza de rede não cobre deriva posterior.
io,2,1,4001,Sincronização dos relógios não confirmada: alinhamento UTC é provisório.
io,2,1,4001,CPU global: contadores totais /proc/stat divergem da capacidade monotônica esperada (>5%); fontes não reconciliadas.
io,2,1,4001,"Discos: atividade por dispositivo da VM inteira, incluindo monitoramento/cache; não atribuída à aplicação nem somada entre partições/discos."
io,2,2,4002,"Métricas snapshot são do CSV acumulado exportado, não necessariamente do encerramento nem da janela recortada."
io,2,2,4002,Correção estimada de relógio: assume offset constante; incerteza de rede não cobre deriva posterior.
io,2,2,4002,Sincronização dos relógios não confirmada: alinhamento UTC é provisório.
io,2,2,4002,CPU global: contadores totais /proc/stat divergem da capacidade monotônica esperada (>5%); fontes não reconciliadas.
io,2,2,4002,"Discos: atividade por dispositivo da VM inteira, incluindo monitoramento/cache; não atribuída à aplicação nem somada entre partições/discos."
io,2,3,4003,"Métricas snapshot são do CSV acumulado exportado, não necessariamente do encerramento nem da janela recortada."
io,2,3,4003,Correção estimada de relógio: assume offset constante; incerteza de rede não cobre deriva posterior.
io,2,3,4003,Sincronização dos relógios não confirmada: alinhamento UTC é provisório.
io,2,3,4003,CPU global: contadores totais /proc/stat divergem da capacidade monotônica esperada (>5%); fontes não reconciliadas.
io,2,3,4003,"Discos: atividade por dispositivo da VM inteira, incluindo monitoramento/cache; não atribuída à aplicação nem somada entre partições/discos."
memoria,1,1,4001,"Métricas snapshot são do CSV acumulado exportado, não necessariamente do encerramento nem da janela recortada."
memoria,1,1,4001,Correção estimada de relógio: assume offset constante; incerteza de rede não cobre deriva posterior.
memoria,1,1,4001,Sincronização dos relógios não confirmada: alinhamento UTC é provisório.
memoria,1,1,4001,CPU global: contadores totais /proc/stat divergem da capacidade monotônica esperada (>5%); fontes não reconciliadas.
memoria,1,1,4001,CPU global: tempo ocupado /proc/stat menor que tempo da árvore em intervalos próximos; leituras sequenciais e fontes incompatíveis exigem investigação.
memoria,1,2,4002,"Métricas snapshot são do CSV acumulado exportado, não necessariamente do encerramento nem da janela recortada."
memoria,1,2,4002,Correção estimada de relógio: assume offset constante; incerteza de rede não cobre deriva posterior.
memoria,1,2,4002,Sincronização dos relógios não confirmada: alinhamento UTC é provisório.
memoria,1,2,4002,CPU global: contadores totais /proc/stat divergem da capacidade monotônica esperada (>5%); fontes não reconciliadas.
memoria,1,2,4002,CPU global: tempo ocupado /proc/stat menor que tempo da árvore em intervalos próximos; leituras sequenciais e fontes incompatíveis exigem investigação.
memoria,1,3,4003,"Métricas snapshot são do CSV acumulado exportado, não necessariamente do encerramento nem da janela recortada."
memoria,1,3,4003,Correção estimada de relógio: assume offset constante; incerteza de rede não cobre deriva posterior.
memoria,1,3,4003,Sincronização dos relógios não confirmada: alinhamento UTC é provisório.
memoria,1,3,4003,CPU global: contadores totais /proc/stat divergem da capacidade monotônica esperada (>5%); fontes não reconciliadas.
memoria,1,3,4003,CPU global: tempo ocupado /proc/stat menor que tempo da árvore em intervalos próximos; leituras sequenciais e fontes incompatíveis exigem investigação.
memoria,2,1,4001,"Métricas snapshot são do CSV acumulado exportado, não necessariamente do encerramento nem da janela recortada."
memoria,2,1,4001,Correção estimada de relógio: assume offset constante; incerteza de rede não cobre deriva posterior.
memoria,2,1,4001,Sincronização dos relógios não confirmada: alinhamento UTC é provisório.
memoria,2,1,4001,CPU global: contadores totais /proc/stat divergem da capacidade monotônica esperada (>5%); fontes não reconciliadas.
memoria,2,1,4001,CPU global: tempo ocupado /proc/stat menor que tempo da árvore em intervalos próximos; leituras sequenciais e fontes incompatíveis exigem investigação.
memoria,2,2,4002,"Métricas snapshot são do CSV acumulado exportado, não necessariamente do encerramento nem da janela recortada."
memoria,2,2,4002,Correção estimada de relógio: assume offset constante; incerteza de rede não cobre deriva posterior.
memoria,2,2,4002,Sincronização dos relógios não confirmada: alinhamento UTC é provisório.
memoria,2,2,4002,CPU global: contadores totais /proc/stat divergem da capacidade monotônica esperada (>5%); fontes não reconciliadas.
memoria,2,2,4002,CPU global: tempo ocupado /proc/stat menor que tempo da árvore em intervalos próximos; leituras sequenciais e fontes incompatíveis exigem investigação.
memoria,2,3,4003,"Métricas snapshot são do CSV acumulado exportado, não necessariamente do encerramento nem da janela recortada."
memoria,2,3,4003,Correção estimada de relógio: assume offset constante; incerteza de rede não cobre deriva posterior.
memoria,2,3,4003,Sincronização dos relógios não confirmada: alinhamento UTC é provisório.
memoria,2,3,4003,CPU global: contadores totais /proc/stat divergem da capacidade monotônica esperada (>5%); fontes não reconciliadas.
memoria,2,3,4003,CPU global: tempo ocupado /proc/stat menor que tempo da árvore em intervalos próximos; leituras sequenciais e fontes incompatíveis exigem investigação.
memoria,3,1,4001,"Métricas snapshot são do CSV acumulado exportado, não necessariamente do encerramento nem da janela recortada."
memoria,3,1,4001,Correção estimada de relógio: assume offset constante; incerteza de rede não cobre deriva posterior.
memoria,3,1,4001,Sincronização dos relógios não confirmada: alinhamento UTC é provisório.
memoria,3,1,4001,CPU global: contadores totais /proc/stat divergem da capacidade monotônica esperada (>5%); fontes não reconciliadas.
memoria,3,1,4001,CPU global: tempo ocupado /proc/stat menor que tempo da árvore em intervalos próximos; leituras sequenciais e fontes incompatíveis exigem investigação.
memoria,3,2,4002,"Métricas snapshot são do CSV acumulado exportado, não necessariamente do encerramento nem da janela recortada."
memoria,3,2,4002,Correção estimada de relógio: assume offset constante; incerteza de rede não cobre deriva posterior.
memoria,3,2,4002,Sincronização dos relógios não confirmada: alinhamento UTC é provisório.
memoria,3,2,4002,CPU global: contadores totais /proc/stat divergem da capacidade monotônica esperada (>5%); fontes não reconciliadas.
memoria,3,2,4002,CPU global: tempo ocupado /proc/stat menor que tempo da árvore em intervalos próximos; leituras sequenciais e fontes incompatíveis exigem investigação.
memoria,3,3,4003,"Métricas snapshot são do CSV acumulado exportado, não necessariamente do encerramento nem da janela recortada."
memoria,3,3,4003,Correção estimada de relógio: assume offset constante; incerteza de rede não cobre deriva posterior.
memoria,3,3,4003,Sincronização dos relógios não confirmada: alinhamento UTC é provisório.
memoria,3,3,4003,CPU global: contadores totais /proc/stat divergem da capacidade monotônica esperada (>5%); fontes não reconciliadas.
memoria,3,3,4003,CPU global: tempo ocupado /proc/stat menor que tempo da árvore em intervalos próximos; leituras sequenciais e fontes incompatíveis exigem investigação.
