Timestamp,User Count,Type,Name,Requests/s,Failures/s,50%,66%,75%,80%,90%,95%,98%,99%,99.9%,99.99%,100%,Total Request Count,Total Failure Count,Total Median Response Time,Total Average Response Time,Total Min Response Time,Total Max Response Time,Total Average Content Size
1791478459,0,,Aggregated,0.000000,0.000000,N/A,N/A,N/A,N/A,N/A,N/A,N/A,N/A,N/A,N/A,N/A,0,0,0,0.0,0,0,0
1791478460,2,GET,/primos,0.000000,0.000000,0,0,0,0,0,0,0,0,0,0,0,2,0,595.630900003016,569.153450000158,542.6759999973001,595.630900003016,62.0
1791478460,2,,Aggregated,0.000000,0.000000,0,0,0,0,0,0,0,0,0,0,0,2,0,595.630900003016,569.153450000158,542.6759999973001,595.630900003016,62.0
1791478461,2,GET,/primos,0.000000,0.000000,0,0,0,0,0,0,0,0,0,0,0,6,0,530,523.5572666667091,484.0881999989506,595.630900003016,62.0
1791478461,2,,Aggregated,0.000000,0.000000,530,530,540,540,600,600,600,600,600,600,600,6,0,530,523.5572666667091,484.0881999989506,595.630900003016,62.0
1791478462,2,GET,/primos,0.000000,0.000000,500,500,510,510,520,520,520,520,520,520,520,10,0,510,516.34492000303,484.0881999989506,595.630900003016,62.0
1791478462,2,,Aggregated,0.000000,0.000000,510,520,530,540,600,600,600,600,600,600,600,10,0,510,516.34492000303,484.0881999989506,595.630900003016,62.0
1791478463,2,GET,/primos,2.000000,0.000000,510,520,520,530,550,550,550,550,550,550,550,14,0,520,517.1626000020686,484.0881999989506,595.630900003016,62.0
1791478463,2,,Aggregated,2.000000,0.000000,520,530,530,540,550,600,600,600,600,600,600,14,0,520,517.1626000020686,484.0881999989506,595.630900003016,62.0
1791478464,2,GET,/primos,2.666667,0.000000,500,520,520,530,530,550,550,550,550,550,550,18,0,510,512.5378166679487,475.49729999445844,595.630900003016,62.0
1791478464,2,,Aggregated,2.666667,0.000000,510,520,530,530,550,600,600,600,600,600,600,18,0,510,512.5378166679487,475.49729999445844,595.630900003016,62.0
1791478465,2,GET,/primos,3.000000,0.000000,500,510,520,520,530,550,550,550,550,550,550,22,0,500,509.2410681834074,475.49729999445844,595.630900003016,62.0
1791478465,2,,Aggregated,3.000000,0.000000,500,520,530,530,540,550,600,600,600,600,600,22,0,500,509.2410681834074,475.49729999445844,595.630900003016,62.0
1791478466,2,GET,/primos,3.200000,0.000000,500,510,510,520,530,530,550,550,550,550,550,27,0,500,504.84040370523604,465.1423000032082,595.630900003016,62.0
1791478466,2,,Aggregated,3.200000,0.000000,500,510,520,530,540,550,600,600,600,600,600,27,0,500,504.84040370523604,465.1423000032082,595.630900003016,62.0
1791478467,2,GET,/primos,3.333333,0.000000,500,500,510,510,530,530,550,550,550,550,550,31,0,500,503.66321935613206,465.1423000032082,595.630900003016,62.0
1791478467,2,,Aggregated,3.333333,0.000000,500,510,520,520,530,550,600,600,600,600,600,31,0,500,503.66321935613206,465.1423000032082,595.630900003016,62.0
1791478468,2,GET,/primos,3.428571,0.000000,500,500,510,510,530,550,640,640,640,640,640,36,0,500,505.78763611216954,465.1423000032082,640.3406000026735,62.0
1791478468,2,,Aggregated,3.428571,0.000000,500,510,520,520,540,600,640,640,640,640,640,36,0,500,505.78763611216954,465.1423000032082,640.3406000026735,62.0
