concluida_utc,latencia_ms,falha,worker_pid
2026-10-09T14:44:51.920587+00:00,504.05980000505224,0,1149
2026-10-09T14:44:51.924915+00:00,500.7067999977153,0,1149
2026-10-09T14:44:52.434215+00:00,513.4843999985605,0,1149
2026-10-09T14:44:52.438246+00:00,513.1962999876123,0,1149
2026-10-09T14:44:52.940939+00:00,502.55280002602376,0,1149
2026-10-09T14:44:52.946031+00:00,511.6948000213597,0,1149
2026-10-09T14:44:53.458207+00:00,517.1295000181999,0,1149
2026-10-09T14:44:53.462110+00:00,515.9628000110388,0,1149
2026-10-09T14:44:53.954667+00:00,496.3261999946553,0,1149
2026-10-09T14:44:53.985878+00:00,523.609399999259,0,1149
2026-10-09T14:44:54.464958+00:00,510.14410000061616,0,1149
2026-10-09T14:44:54.469720+00:00,483.7132999964524,0,1149
2026-10-09T14:44:54.954710+00:00,484.86609998508357,0,1149
2026-10-09T14:44:54.988731+00:00,523.6305000144057,0,1149
2026-10-09T14:44:55.447564+00:00,492.72159999236465,0,1149
2026-10-09T14:44:55.488525+00:00,499.6681000047829,0,1149
2026-10-09T14:44:55.954127+00:00,506.44219998503104,0,1149
2026-10-09T14:44:55.958955+00:00,470.30690000974573,0,1149
2026-10-09T14:44:56.493719+00:00,539.3783999898005,0,1149
2026-10-09T14:44:56.524599+00:00,565.5137999856379,0,1149
2026-10-09T14:44:57.018897+00:00,524.9706000031438,0,1149
2026-10-09T14:44:57.024228+00:00,499.4950999971479,0,1149
2026-10-09T14:44:57.535739+00:00,516.6899999894667,0,1149
2026-10-09T14:44:57.560868+00:00,536.5027000079863,0,1149
2026-10-09T14:44:58.037974+00:00,502.08849998307414,0,1149
2026-10-09T14:44:58.042789+00:00,481.7767999775242,0,1149
2026-10-09T14:44:58.537709+00:00,499.6073999791406,0,1149
2026-10-09T14:44:58.577497+00:00,534.5674999989569,0,1149
2026-10-09T14:44:59.025975+00:00,488.12870000256225,0,1149
2026-10-09T14:44:59.097948+00:00,520.3175999922678,0,1149
2026-10-09T14:44:59.545253+00:00,519.1549000155646,0,1149
2026-10-09T14:44:59.606829+00:00,508.74979997752234,0,1149
2026-10-09T14:45:00.003711+00:00,458.2980000122916,0,1149
2026-10-09T14:45:00.138319+00:00,531.3503000070341,0,1149
2026-10-09T14:45:00.492455+00:00,488.6018000252079,0,1149
2026-10-09T14:45:00.648772+00:00,510.3024000127334,0,1149
2026-10-09T14:45:00.970575+00:00,477.9983999906108,0,1149
2026-10-09T14:45:01.138495+00:00,489.5869999891147,0,1149
2026-10-09T14:45:01.469569+00:00,498.8749000185635,0,1149
2026-10-09T14:45:01.655138+00:00,516.5171999833547,0,1149
2026-10-09T14:45:01.965448+00:00,495.6976000103168,0,1149
2026-10-09T14:45:02.172803+00:00,517.5119000195991,0,1149
2026-10-09T14:45:02.456619+00:00,491.0439000232145,0,1149
2026-10-09T14:45:02.661700+00:00,488.7592000013683,0,1149
2026-10-09T14:45:02.961815+00:00,505.07039998774417,0,1149
2026-10-09T14:45:03.199494+00:00,537.6414000056684,0,1149
2026-10-09T14:45:03.499561+00:00,537.6035000081174,0,1149
2026-10-09T14:45:03.769662+00:00,569.9340999999549,0,1149
2026-10-09T14:45:03.996913+00:00,497.1886999846902,0,1149
2026-10-09T14:45:04.277155+00:00,507.2407999832649,0,1149
2026-10-09T14:45:04.553657+00:00,556.5864999953192,0,1149
2026-10-09T14:45:04.764377+00:00,487.0770999987144,0,1149
2026-10-09T14:45:05.052438+00:00,498.6464999965392,0,1149
2026-10-09T14:45:05.257885+00:00,493.38249998982064,0,1149
2026-10-09T14:45:05.539053+00:00,486.48960000718944,0,1149
2026-10-09T14:45:05.756802+00:00,498.78419999731705,0,1149
2026-10-09T14:45:06.057055+00:00,517.8655999770854,0,1149
2026-10-09T14:45:06.242045+00:00,485.10729998815805,0,1149
2026-10-09T14:45:06.574781+00:00,517.5922999915201,0,1149
2026-10-09T14:45:06.769775+00:00,527.6031999965198,0,1149
2026-10-09T14:45:07.123119+00:00,548.1774000218138,0,1149
2026-10-09T14:45:07.300785+00:00,530.8733999845572,0,1149
2026-10-09T14:45:07.620383+00:00,497.1415999752935,0,1149
2026-10-09T14:45:07.846458+00:00,545.5480000237003,0,1149
2026-10-09T14:45:08.157602+00:00,537.0870000042487,0,1149
2026-10-09T14:45:08.396416+00:00,549.8030000017025,0,1149
2026-10-09T14:45:08.676928+00:00,519.186699995771,0,1149
2026-10-09T14:45:08.882269+00:00,485.7307999918703,0,1149
2026-10-09T14:45:09.162237+00:00,485.15569997834973,0,1149
2026-10-09T14:45:09.400869+00:00,518.4629000141285,0,1149
2026-10-09T14:45:09.649576+00:00,487.2167000139598,0,1149
2026-10-09T14:45:09.939106+00:00,538.0839999997988,0,1149
2026-10-09T14:45:10.094048+00:00,444.3318000121508,0,1149
2026-10-09T14:45:10.497719+00:00,558.4775000170339,0,1149
2026-10-09T14:45:10.612631+00:00,518.45350000076,0,1149
2026-10-09T14:45:11.014810+00:00,516.9545999960974,0,1149
2026-10-09T14:45:11.088734+00:00,475.97729999688454,0,1149
2026-10-09T14:45:11.521693+00:00,506.76210000528954,0,1149
2026-10-09T14:45:11.593867+00:00,504.99990000389516,0,1149
2026-10-09T14:45:12.012750+00:00,490.906899998663,0,1149
2026-10-09T14:45:12.093628+00:00,499.6240000182297,0,1149
2026-10-09T14:45:12.529372+00:00,516.4808999979869,0,1149
2026-10-09T14:45:12.600669+00:00,506.8971999862697,0,1149
2026-10-09T14:45:13.025717+00:00,496.13879999378696,0,1149
2026-10-09T14:45:13.085747+00:00,484.9419000092894,0,1149
2026-10-09T14:45:13.521756+00:00,495.9177999990061,0,1149
2026-10-09T14:45:13.593872+00:00,507.9947999911383,0,1149
2026-10-09T14:45:13.997594+00:00,475.7141000009142,0,1149
2026-10-09T14:45:14.101801+00:00,507.78620000346564,0,1149
2026-10-09T14:45:14.505803+00:00,508.08470000629313,0,1149
2026-10-09T14:45:14.609612+00:00,507.6831000042148,0,1149
2026-10-09T14:45:15.013435+00:00,507.49689998338,0,1149
2026-10-09T14:45:15.085657+00:00,475.9170000033919,0,1149
2026-10-09T14:45:15.521511+00:00,507.95140000991523,0,1149
2026-10-09T14:45:15.582753+00:00,496.96530000073835,0,1149
2026-10-09T14:45:16.029546+00:00,507.8962999978103,0,1149
2026-10-09T14:45:16.069453+00:00,486.5705000120215,0,1149
2026-10-09T14:45:16.545582+00:00,515.9164999786299,0,1149
2026-10-09T14:45:16.577212+00:00,507.639499992365,0,1149
2026-10-09T14:45:17.024265+00:00,478.54460001690313,0,1149
2026-10-09T14:45:17.097018+00:00,519.670200010296,0,1149
2026-10-09T14:45:17.553456+00:00,529.0451000037137,0,1149
2026-10-09T14:45:17.624939+00:00,527.7618000109214,0,1149
2026-10-09T14:45:18.078037+00:00,524.4170000078157,0,1149
2026-10-09T14:45:18.152428+00:00,527.3297000094317,0,1149
2026-10-09T14:45:18.597698+00:00,519.5262000197545,0,1149
2026-10-09T14:45:18.669518+00:00,516.9599000073504,0,1149
2026-10-09T14:45:19.081513+00:00,483.6305000062566,0,1149
2026-10-09T14:45:19.196839+00:00,527.2012999921571,0,1149
2026-10-09T14:45:19.601527+00:00,519.8683000053279,0,1149
2026-10-09T14:45:19.704069+00:00,507.0875999808777,0,1149
2026-10-09T14:45:20.128320+00:00,526.6538000141736,0,1149
2026-10-09T14:45:20.245375+00:00,541.1605999979656,0,1149
2026-10-09T14:45:20.678039+00:00,549.5916000218131,0,1149
2026-10-09T14:45:20.760571+00:00,515.0604999798816,0,1149
2026-10-09T14:45:21.196629+00:00,518.425499991281,0,1149
2026-10-09T14:45:21.258192+00:00,497.46199999935925,0,1149
2026-10-09T14:45:21.701790+00:00,505.0117000064347,0,1149
2026-10-09T14:45:21.776224+00:00,517.8847000061069,0,1149
2026-10-09T14:45:22.209387+00:00,507.4536000029184,0,1149
2026-10-09T14:45:22.282186+00:00,505.82789999316446,0,1149
2026-10-09T14:45:22.752672+00:00,543.1551999936346,0,1149
2026-10-09T14:45:22.800904+00:00,518.5904999962077,0,1149
2026-10-09T14:45:23.285363+00:00,532.5437000137754,0,1149
2026-10-09T14:45:23.327221+00:00,526.1490999837406,0,1149
2026-10-09T14:45:23.824455+00:00,538.9594000007492,0,1149
2026-10-09T14:45:23.854409+00:00,527.0162999804597,0,1149
2026-10-09T14:45:24.312373+00:00,487.74939999566413,0,1149
2026-10-09T14:45:24.352642+00:00,498.0649000208359,0,1149
2026-10-09T14:45:24.868997+00:00,556.4659999799915,0,1149
2026-10-09T14:45:24.873131+00:00,520.2546999789774,0,1149
2026-10-09T14:45:25.375199+00:00,501.8759000231512,0,1149
2026-10-09T14:45:25.397596+00:00,528.454299987061,0,1149
2026-10-09T14:45:25.854377+00:00,479.0509000013117,0,1149
2026-10-09T14:45:25.898578+00:00,500.85449998732656,0,1149
2026-10-09T14:45:26.393228+00:00,538.6987999954727,0,1149
2026-10-09T14:45:26.433683+00:00,534.972800000105,0,1149
2026-10-09T14:45:26.914284+00:00,520.9124000102747,0,1149
2026-10-09T14:45:26.918115+00:00,484.30300000472926,0,1149
2026-10-09T14:45:27.441057+00:00,522.7813999808859,0,1149
2026-10-09T14:45:27.446108+00:00,531.6880000173114,0,1149
2026-10-09T14:45:27.938420+00:00,492.1872000268195,0,1149
2026-10-09T14:45:27.941875+00:00,500.69009998696856,0,1149
2026-10-09T14:45:28.442434+00:00,503.87560002855025,0,1149
2026-10-09T14:45:28.473268+00:00,531.2678999907803,0,1149
2026-10-09T14:45:28.968559+00:00,495.16160000348464,0,1149
2026-10-09T14:45:28.973521+00:00,530.9466000180691,0,1149
2026-10-09T14:45:29.484223+00:00,515.4993000032846,0,1149
2026-10-09T14:45:29.520603+00:00,546.9251000031363,0,1149
2026-10-09T14:45:30.012795+00:00,491.9788000115659,0,1149
2026-10-09T14:45:30.016707+00:00,532.3439000057988,0,1149
2026-10-09T14:45:30.534818+00:00,517.9828999971505,0,1149
2026-10-09T14:45:30.538691+00:00,525.7382999989204,0,1149
2026-10-09T14:45:31.041504+00:00,506.53260000399314,0,1149
2026-10-09T14:45:31.045641+00:00,506.8262999993749,0,1149
2026-10-09T14:45:31.573041+00:00,527.241799980402,0,1149
2026-10-09T14:45:31.577967+00:00,536.2196999776643,0,1149
2026-10-09T14:45:32.078046+00:00,504.8604999901727,0,1149
2026-10-09T14:45:32.138910+00:00,560.7903000200167,0,1149
2026-10-09T14:45:32.584573+00:00,506.40139999450184,0,1149
2026-10-09T14:45:32.657012+00:00,517.9799000034109,0,1149
2026-10-09T14:45:33.094052+00:00,509.3306000053417,0,1149
2026-10-09T14:45:33.165560+00:00,508.41439998475835,0,1149
2026-10-09T14:45:33.609881+00:00,515.6907000055071,0,1149
2026-10-09T14:45:33.671020+00:00,505.2563000062946,0,1149
2026-10-09T14:45:34.125787+00:00,515.693299996201,0,1149
2026-10-09T14:45:34.168209+00:00,497.0493000000715,0,1149
2026-10-09T14:45:34.644860+00:00,518.9192999969237,0,1149
2026-10-09T14:45:34.674116+00:00,505.78400000813417,0,1149
2026-10-09T14:45:35.152524+00:00,507.5174999947194,0,1149
2026-10-09T14:45:35.193140+00:00,518.8984999840613,0,1149
2026-10-09T14:45:35.637341+00:00,484.6944999881089,0,1149
2026-10-09T14:45:35.732472+00:00,539.2066999920644,0,1149
2026-10-09T14:45:36.137581+00:00,500.08189998334274,0,1149
2026-10-09T14:45:36.220807+00:00,488.203999993857,0,1149
2026-10-09T14:45:36.665495+00:00,527.7863999945112,0,1149
2026-10-09T14:45:36.746193+00:00,525.2065999957267,0,1149
2026-10-09T14:45:37.181480+00:00,515.827299997909,0,1149
2026-10-09T14:45:37.265034+00:00,518.6973999952897,0,1149
2026-10-09T14:45:37.729783+00:00,548.1636000040453,0,1149
2026-10-09T14:45:37.801745+00:00,536.5687999874353,0,1149
2026-10-09T14:45:38.248361+00:00,518.4053000120912,0,1149
2026-10-09T14:45:38.318756+00:00,516.876699985005,0,1149
2026-10-09T14:45:38.744501+00:00,495.9915999788791,0,1149
2026-10-09T14:45:38.817643+00:00,498.7525000178721,0,1149
2026-10-09T14:45:39.262294+00:00,517.6285000052303,0,1149
2026-10-09T14:45:39.324347+00:00,506.5712000068743,0,1149
2026-10-09T14:45:39.778101+00:00,515.6502000172623,0,1149
2026-10-09T14:45:39.829230+00:00,504.7558999795001,0,1149
2026-10-09T14:45:40.276304+00:00,498.04870001389645,0,1149
2026-10-09T14:45:40.349133+00:00,519.7743999888189,0,1149
2026-10-09T14:45:40.793809+00:00,517.3580000118818,0,1149
2026-10-09T14:45:40.865846+00:00,516.5374000207521,0,1149
2026-10-09T14:45:41.312367+00:00,518.3924000011757,0,1149
2026-10-09T14:45:41.375174+00:00,509.1815000050701,0,1149
2026-10-09T14:45:41.820148+00:00,507.65469999169,0,1149
2026-10-09T14:45:41.872811+00:00,497.45540000731125,0,1149
2026-10-09T14:45:42.325493+00:00,505.1937999960501,0,1149
2026-10-09T14:45:42.389249+00:00,516.2103000038769,0,1149
2026-10-09T14:45:42.834310+00:00,508.69080002303235,0,1149
2026-10-09T14:45:42.908165+00:00,518.7862000020687,0,1149
2026-10-09T14:45:43.342031+00:00,507.5807999819517,0,1149
2026-10-09T14:45:43.407272+00:00,498.9773999841418,0,1149
2026-10-09T14:45:43.871158+00:00,529.0024999994785,0,1149
2026-10-09T14:45:43.913243+00:00,505.8456000115257,0,1149
2026-10-09T14:45:44.370488+00:00,499.1823000018485,0,1149
2026-10-09T14:45:44.450029+00:00,536.637699988205,0,1149
2026-10-09T14:45:44.905764+00:00,535.1493000052869,0,1149
2026-10-09T14:45:44.968085+00:00,517.8619000071194,0,1149
2026-10-09T14:45:45.401669+00:00,495.75719999847934,0,1149
2026-10-09T14:45:45.464186+00:00,495.9651999815833,0,1149
2026-10-09T14:45:45.890783+00:00,488.98180000833236,0,1149
2026-10-09T14:45:46.001761+00:00,537.4293000204489,0,1149
2026-10-09T14:45:46.365971+00:00,475.05310000269674,0,1149
2026-10-09T14:45:46.510502+00:00,508.6185999971349,0,1149
2026-10-09T14:45:46.873177+00:00,507.07530000363477,0,1149
2026-10-09T14:45:47.029402+00:00,518.7586999963969,0,1149
2026-10-09T14:45:47.410502+00:00,537.1543999935966,0,1149
2026-10-09T14:45:47.556541+00:00,526.9972999813035,0,1149
2026-10-09T14:45:47.969414+00:00,558.6929999990389,0,1149
2026-10-09T14:45:48.056467+00:00,499.7672999743372,0,1149
2026-10-09T14:45:48.528254+00:00,558.6962999950629,0,1149
2026-10-09T14:45:48.590561+00:00,533.9572999801021,0,1149
2026-10-09T14:45:49.045218+00:00,516.8070000072476,0,1149
2026-10-09T14:45:49.086361+00:00,495.6686999939848,0,1149
2026-10-09T14:45:49.585192+00:00,539.8535999993328,0,1149
2026-10-09T14:45:49.625199+00:00,538.7075000035111,0,1149
2026-10-09T14:45:50.123103+00:00,537.7539999899454,0,1149
2026-10-09T14:45:50.153245+00:00,527.9059000022244,0,1149
